tree,run,subrun,det,key,tier,reason,gas,resist_V,drift_V,feu_x,feu_y,det_z,n_dec_files,dec_mb,has_hits,has_m3v2,has_m3v1,bundle,eos_run_dir
det1_det2,mx17_det1_det2_overnight_6-17-26,longer_run,mx17_1,c26__mx17_det1_det2_overnight_6-17-26__longer_run__mx17_1,C,no frozen bundle for this detector,Ar/Iso 95/5,500,1000,3,4,232,4,1632,1,0,1,,/eos/experiment/ntof/data/x17/cosmic_bench/june_tests/mx17_det1_det2_overnight_6-17-26
det1_det2,mx17_det1_det2_overnight_6-17-26,longer_run,mx17_2,c26__mx17_det1_det2_overnight_6-17-26__longer_run__mx17_2,C,resist 500 V != bundle 495 V,Ar/Iso 95/5,500,1000,7,8,702,4,1796,1,0,1,calib_bundle_lp,/eos/experiment/ntof/data/x17/cosmic_bench/june_tests/mx17_det1_det2_overnight_6-17-26
det1_det2,mx17_det1_det2_overnight_6-17-26,quick_run,mx17_1,c26__mx17_det1_det2_overnight_6-17-26__quick_run__mx17_1,C,no frozen bundle for this detector,Ar/Iso 95/5,500,1000,3,4,232,2,205,1,0,1,,/eos/experiment/ntof/data/x17/cosmic_bench/june_tests/mx17_det1_det2_overnight_6-17-26
det1_det2,mx17_det1_det2_overnight_6-17-26,quick_run,mx17_2,c26__mx17_det1_det2_overnight_6-17-26__quick_run__mx17_2,C,resist 500 V != bundle 495 V,Ar/Iso 95/5,500,1000,7,8,702,2,225,1,0,1,calib_bundle_lp,/eos/experiment/ntof/data/x17/cosmic_bench/june_tests/mx17_det1_det2_overnight_6-17-26
det1_det2,mx17_det1_det2_overnight_6-17-26,resist_450V_drift_1000V,mx17_1,c26__mx17_det1_det2_overnight_6-17-26__resist_450V_drift_1000V__mx17_1,C,no frozen bundle for this detector,Ar/Iso 95/5,450,1000,3,4,232,2,389,1,0,1,,/eos/experiment/ntof/data/x17/cosmic_bench/june_tests/mx17_det1_det2_overnight_6-17-26
det1_det2,mx17_det1_det2_overnight_6-17-26,resist_450V_drift_1000V,mx17_2,c26__mx17_det1_det2_overnight_6-17-26__resist_450V_drift_1000V__mx17_2,C,resist 450 V != bundle 495 V,Ar/Iso 95/5,450,1000,7,8,702,2,430,1,0,1,calib_bundle_lp,/eos/experiment/ntof/data/x17/cosmic_bench/june_tests/mx17_det1_det2_overnight_6-17-26
det1_det2,mx17_det1_det2_overnight_6-17-26,resist_460V_drift_1000V,mx17_1,c26__mx17_det1_det2_overnight_6-17-26__resist_460V_drift_1000V__mx17_1,C,no frozen bundle for this detector,Ar/Iso 95/5,460,1000,3,4,232,2,380,1,0,1,,/eos/experiment/ntof/data/x17/cosmic_bench/june_tests/mx17_det1_det2_overnight_6-17-26
det1_det2,mx17_det1_det2_overnight_6-17-26,resist_460V_drift_1000V,mx17_2,c26__mx17_det1_det2_overnight_6-17-26__resist_460V_drift_1000V__mx17_2,C,resist 460 V != bundle 495 V,Ar/Iso 95/5,460,1000,7,8,702,2,419,1,0,1,calib_bundle_lp,/eos/experiment/ntof/data/x17/cosmic_bench/june_tests/mx17_det1_det2_overnight_6-17-26
det1_det2,mx17_det1_det2_overnight_6-17-26,resist_470V_drift_1000V,mx17_1,c26__mx17_det1_det2_overnight_6-17-26__resist_470V_drift_1000V__mx17_1,C,no frozen bundle for this detector,Ar/Iso 95/5,470,1000,3,4,232,2,358,1,0,1,,/eos/experiment/ntof/data/x17/cosmic_bench/june_tests/mx17_det1_det2_overnight_6-17-26
det1_det2,mx17_det1_det2_overnight_6-17-26,resist_470V_drift_1000V,mx17_2,c26__mx17_det1_det2_overnight_6-17-26__resist_470V_drift_1000V__mx17_2,C,resist 470 V != bundle 495 V,Ar/Iso 95/5,470,1000,7,8,702,2,395,1,0,1,calib_bundle_lp,/eos/experiment/ntof/data/x17/cosmic_bench/june_tests/mx17_det1_det2_overnight_6-17-26
det1_det2,mx17_det1_det2_overnight_6-17-26,resist_480V_drift_1000V,mx17_1,c26__mx17_det1_det2_overnight_6-17-26__resist_480V_drift_1000V__mx17_1,C,no frozen bundle for this detector,Ar/Iso 95/5,480,1000,3,4,232,2,380,1,0,1,,/eos/experiment/ntof/data/x17/cosmic_bench/june_tests/mx17_det1_det2_overnight_6-17-26
det1_det2,mx17_det1_det2_overnight_6-17-26,resist_480V_drift_1000V,mx17_2,c26__mx17_det1_det2_overnight_6-17-26__resist_480V_drift_1000V__mx17_2,C,resist 480 V != bundle 495 V,Ar/Iso 95/5,480,1000,7,8,702,2,418,1,0,1,calib_bundle_lp,/eos/experiment/ntof/data/x17/cosmic_bench/june_tests/mx17_det1_det2_overnight_6-17-26
det1_det2,mx17_det1_det2_overnight_6-17-26,resist_490V_drift_1000V,mx17_1,c26__mx17_det1_det2_overnight_6-17-26__resist_490V_drift_1000V__mx17_1,C,no frozen bundle for this detector,Ar/Iso 95/5,490,1000,3,4,232,2,397,1,0,1,,/eos/experiment/ntof/data/x17/cosmic_bench/june_tests/mx17_det1_det2_overnight_6-17-26
det1_det2,mx17_det1_det2_overnight_6-17-26,resist_490V_drift_1000V,mx17_2,c26__mx17_det1_det2_overnight_6-17-26__resist_490V_drift_1000V__mx17_2,C,resist 490 V != bundle 495 V,Ar/Iso 95/5,490,1000,7,8,702,2,437,1,0,1,calib_bundle_lp,/eos/experiment/ntof/data/x17/cosmic_bench/june_tests/mx17_det1_det2_overnight_6-17-26
det1_det2,mx17_det1_det2_overnight_6-17-26,resist_500V_drift_1000V,mx17_1,c26__mx17_det1_det2_overnight_6-17-26__resist_500V_drift_1000V__mx17_1,C,no frozen bundle for this detector,Ar/Iso 95/5,500,1000,3,4,232,2,412,1,0,1,,/eos/experiment/ntof/data/x17/cosmic_bench/june_tests/mx17_det1_det2_overnight_6-17-26
det1_det2,mx17_det1_det2_overnight_6-17-26,resist_500V_drift_1000V,mx17_2,c26__mx17_det1_det2_overnight_6-17-26__resist_500V_drift_1000V__mx17_2,C,resist 500 V != bundle 495 V,Ar/Iso 95/5,500,1000,7,8,702,2,451,1,0,1,calib_bundle_lp,/eos/experiment/ntof/data/x17/cosmic_bench/june_tests/mx17_det1_det2_overnight_6-17-26
det1_det2,mx17_det1_det2_overnight_6-17-26,resist_510V_drift_1000V,mx17_1,c26__mx17_det1_det2_overnight_6-17-26__resist_510V_drift_1000V__mx17_1,C,no frozen bundle for this detector,Ar/Iso 95/5,510,1000,3,4,232,2,420,1,0,1,,/eos/experiment/ntof/data/x17/cosmic_bench/june_tests/mx17_det1_det2_overnight_6-17-26
det1_det2,mx17_det1_det2_overnight_6-17-26,resist_510V_drift_1000V,mx17_2,c26__mx17_det1_det2_overnight_6-17-26__resist_510V_drift_1000V__mx17_2,C,resist 510 V != bundle 495 V,Ar/Iso 95/5,510,1000,7,8,702,2,458,1,0,1,calib_bundle_lp,/eos/experiment/ntof/data/x17/cosmic_bench/june_tests/mx17_det1_det2_overnight_6-17-26
det1_det2,mx17_det1_det2_overnight_6-17-26,resist_520V_drift_1000V,mx17_1,c26__mx17_det1_det2_overnight_6-17-26__resist_520V_drift_1000V__mx17_1,C,no frozen bundle for this detector,Ar/Iso 95/5,520,1000,3,4,232,2,419,1,0,1,,/eos/experiment/ntof/data/x17/cosmic_bench/june_tests/mx17_det1_det2_overnight_6-17-26
det1_det2,mx17_det1_det2_overnight_6-17-26,resist_520V_drift_1000V,mx17_2,c26__mx17_det1_det2_overnight_6-17-26__resist_520V_drift_1000V__mx17_2,C,resist 520 V != bundle 495 V,Ar/Iso 95/5,520,1000,7,8,702,2,448,1,0,1,calib_bundle_lp,/eos/experiment/ntof/data/x17/cosmic_bench/june_tests/mx17_det1_det2_overnight_6-17-26
det2_det3,mx17_det2_det3_overnight_6-22-26,long_run,mx17_2,c26__mx17_det2_det3_overnight_6-22-26__long_run__mx17_2,A,,Ar/Iso 95/5,495,1000,6,8,702,32,8611,1,0,1,calib_bundle_lp,/eos/experiment/ntof/data/x17/cosmic_bench/june_tests/mx17_det2_det3_overnight_6-22-26
det2_det3,mx17_det2_det3_overnight_6-22-26,long_run,mx17_3,c26__mx17_det2_det3_overnight_6-22-26__long_run__mx17_3,C,resist 495 V != bundle 490 V,Ar/Iso 95/5,495,1000,3,4,232,32,8094,1,0,1,calib_bundle_lp2_t0p,/eos/experiment/ntof/data/x17/cosmic_bench/june_tests/mx17_det2_det3_overnight_6-22-26
det2_det3,mx17_det2_det3_overnight_6-22-26,longer_run,mx17_2,o22_long_det2,A,,Ar/Iso 95/5,495,1000,6,8,702,8,1736,1,1,1,calib_bundle_lp,/eos/experiment/ntof/data/x17/cosmic_bench/june_tests/mx17_det2_det3_overnight_6-22-26
det2_det3,mx17_det2_det3_overnight_6-22-26,longer_run,mx17_3,c26__mx17_det2_det3_overnight_6-22-26__longer_run__mx17_3,C,no decoded files for det FEUs,Ar/Iso 95/5,495,1000,3,4,232,0,0,1,1,1,calib_bundle_lp2_t0p,/eos/experiment/ntof/data/x17/cosmic_bench/june_tests/mx17_det2_det3_overnight_6-22-26
det2_det3,mx17_det2_det3_overnight_6-22-26,resist_450V_drift_1000V,mx17_2,c26__mx17_det2_det3_overnight_6-22-26__resist_450V_drift_1000V__mx17_2,C,resist 450 V != bundle 495 V,Ar/Iso 95/5,450,1000,6,8,702,2,435,1,0,1,calib_bundle_lp,/eos/experiment/ntof/data/x17/cosmic_bench/june_tests/mx17_det2_det3_overnight_6-22-26
det2_det3,mx17_det2_det3_overnight_6-22-26,resist_450V_drift_1000V,mx17_3,c26__mx17_det2_det3_overnight_6-22-26__resist_450V_drift_1000V__mx17_3,C,resist 450 V != bundle 490 V,Ar/Iso 95/5,450,1000,3,4,232,2,405,1,0,1,calib_bundle_lp2_t0p,/eos/experiment/ntof/data/x17/cosmic_bench/june_tests/mx17_det2_det3_overnight_6-22-26
det2_det3,mx17_det2_det3_overnight_6-22-26,resist_455V_drift_1000V,mx17_2,c26__mx17_det2_det3_overnight_6-22-26__resist_455V_drift_1000V__mx17_2,C,resist 455 V != bundle 495 V,Ar/Iso 95/5,455,1000,6,8,702,2,442,1,0,1,calib_bundle_lp,/eos/experiment/ntof/data/x17/cosmic_bench/june_tests/mx17_det2_det3_overnight_6-22-26
det2_det3,mx17_det2_det3_overnight_6-22-26,resist_455V_drift_1000V,mx17_3,c26__mx17_det2_det3_overnight_6-22-26__resist_455V_drift_1000V__mx17_3,C,resist 455 V != bundle 490 V,Ar/Iso 95/5,455,1000,3,4,232,2,411,1,0,1,calib_bundle_lp2_t0p,/eos/experiment/ntof/data/x17/cosmic_bench/june_tests/mx17_det2_det3_overnight_6-22-26
det2_det3,mx17_det2_det3_overnight_6-22-26,resist_460V_drift_1000V,mx17_2,c26__mx17_det2_det3_overnight_6-22-26__resist_460V_drift_1000V__mx17_2,C,resist 460 V != bundle 495 V,Ar/Iso 95/5,460,1000,6,8,702,2,436,1,0,1,calib_bundle_lp,/eos/experiment/ntof/data/x17/cosmic_bench/june_tests/mx17_det2_det3_overnight_6-22-26
det2_det3,mx17_det2_det3_overnight_6-22-26,resist_460V_drift_1000V,mx17_3,c26__mx17_det2_det3_overnight_6-22-26__resist_460V_drift_1000V__mx17_3,C,resist 460 V != bundle 490 V,Ar/Iso 95/5,460,1000,3,4,232,2,406,1,0,1,calib_bundle_lp2_t0p,/eos/experiment/ntof/data/x17/cosmic_bench/june_tests/mx17_det2_det3_overnight_6-22-26
det2_det3,mx17_det2_det3_overnight_6-22-26,resist_465V_drift_1000V,mx17_2,c26__mx17_det2_det3_overnight_6-22-26__resist_465V_drift_1000V__mx17_2,C,resist 465 V != bundle 495 V,Ar/Iso 95/5,465,1000,6,8,702,2,440,1,0,1,calib_bundle_lp,/eos/experiment/ntof/data/x17/cosmic_bench/june_tests/mx17_det2_det3_overnight_6-22-26
det2_det3,mx17_det2_det3_overnight_6-22-26,resist_465V_drift_1000V,mx17_3,c26__mx17_det2_det3_overnight_6-22-26__resist_465V_drift_1000V__mx17_3,C,resist 465 V != bundle 490 V,Ar/Iso 95/5,465,1000,3,4,232,2,409,1,0,1,calib_bundle_lp2_t0p,/eos/experiment/ntof/data/x17/cosmic_bench/june_tests/mx17_det2_det3_overnight_6-22-26
det2_det3,mx17_det2_det3_overnight_6-22-26,resist_470V_drift_1000V,mx17_2,c26__mx17_det2_det3_overnight_6-22-26__resist_470V_drift_1000V__mx17_2,C,resist 470 V != bundle 495 V,Ar/Iso 95/5,470,1000,6,8,702,2,426,1,0,1,calib_bundle_lp,/eos/experiment/ntof/data/x17/cosmic_bench/june_tests/mx17_det2_det3_overnight_6-22-26
det2_det3,mx17_det2_det3_overnight_6-22-26,resist_470V_drift_1000V,mx17_3,c26__mx17_det2_det3_overnight_6-22-26__resist_470V_drift_1000V__mx17_3,C,resist 470 V != bundle 490 V,Ar/Iso 95/5,470,1000,3,4,232,2,398,1,0,1,calib_bundle_lp2_t0p,/eos/experiment/ntof/data/x17/cosmic_bench/june_tests/mx17_det2_det3_overnight_6-22-26
det2_det3,mx17_det2_det3_overnight_6-22-26,resist_475V_drift_1000V,mx17_2,c26__mx17_det2_det3_overnight_6-22-26__resist_475V_drift_1000V__mx17_2,C,resist 475 V != bundle 495 V,Ar/Iso 95/5,475,1000,6,8,702,2,439,1,0,1,calib_bundle_lp,/eos/experiment/ntof/data/x17/cosmic_bench/june_tests/mx17_det2_det3_overnight_6-22-26
det2_det3,mx17_det2_det3_overnight_6-22-26,resist_475V_drift_1000V,mx17_3,c26__mx17_det2_det3_overnight_6-22-26__resist_475V_drift_1000V__mx17_3,C,resist 475 V != bundle 490 V,Ar/Iso 95/5,475,1000,3,4,232,2,411,1,0,1,calib_bundle_lp2_t0p,/eos/experiment/ntof/data/x17/cosmic_bench/june_tests/mx17_det2_det3_overnight_6-22-26
det2_det3,mx17_det2_det3_overnight_6-22-26,resist_480V_drift_1000V,mx17_2,c26__mx17_det2_det3_overnight_6-22-26__resist_480V_drift_1000V__mx17_2,C,resist 480 V != bundle 495 V,Ar/Iso 95/5,480,1000,6,8,702,2,435,1,0,1,calib_bundle_lp,/eos/experiment/ntof/data/x17/cosmic_bench/june_tests/mx17_det2_det3_overnight_6-22-26
det2_det3,mx17_det2_det3_overnight_6-22-26,resist_480V_drift_1000V,mx17_3,c26__mx17_det2_det3_overnight_6-22-26__resist_480V_drift_1000V__mx17_3,C,resist 480 V != bundle 490 V,Ar/Iso 95/5,480,1000,3,4,232,2,406,1,0,1,calib_bundle_lp2_t0p,/eos/experiment/ntof/data/x17/cosmic_bench/june_tests/mx17_det2_det3_overnight_6-22-26
det2_det3,mx17_det2_det3_overnight_6-22-26,resist_485V_drift_1000V,mx17_2,c26__mx17_det2_det3_overnight_6-22-26__resist_485V_drift_1000V__mx17_2,C,resist 485 V != bundle 495 V,Ar/Iso 95/5,485,1000,6,8,702,2,433,1,0,1,calib_bundle_lp,/eos/experiment/ntof/data/x17/cosmic_bench/june_tests/mx17_det2_det3_overnight_6-22-26
det2_det3,mx17_det2_det3_overnight_6-22-26,resist_485V_drift_1000V,mx17_3,c26__mx17_det2_det3_overnight_6-22-26__resist_485V_drift_1000V__mx17_3,C,resist 485 V != bundle 490 V,Ar/Iso 95/5,485,1000,3,4,232,2,405,1,0,1,calib_bundle_lp2_t0p,/eos/experiment/ntof/data/x17/cosmic_bench/june_tests/mx17_det2_det3_overnight_6-22-26
det2_det3,mx17_det2_det3_overnight_6-22-26,resist_490V_drift_1000V,mx17_2,c26__mx17_det2_det3_overnight_6-22-26__resist_490V_drift_1000V__mx17_2,C,resist 490 V != bundle 495 V,Ar/Iso 95/5,490,1000,6,8,702,2,441,1,0,1,calib_bundle_lp,/eos/experiment/ntof/data/x17/cosmic_bench/june_tests/mx17_det2_det3_overnight_6-22-26
det2_det3,mx17_det2_det3_overnight_6-22-26,resist_490V_drift_1000V,mx17_3,c26__mx17_det2_det3_overnight_6-22-26__resist_490V_drift_1000V__mx17_3,A,,Ar/Iso 95/5,490,1000,3,4,232,2,413,1,0,1,calib_bundle_lp2_t0p,/eos/experiment/ntof/data/x17/cosmic_bench/june_tests/mx17_det2_det3_overnight_6-22-26
det2_det3,mx17_det2_det3_overnight_6-22-26,resist_495V_drift_1000V,mx17_2,c26__mx17_det2_det3_overnight_6-22-26__resist_495V_drift_1000V__mx17_2,A,,Ar/Iso 95/5,495,1000,6,8,702,2,435,1,0,1,calib_bundle_lp,/eos/experiment/ntof/data/x17/cosmic_bench/june_tests/mx17_det2_det3_overnight_6-22-26
det2_det3,mx17_det2_det3_overnight_6-22-26,resist_495V_drift_1000V,mx17_3,c26__mx17_det2_det3_overnight_6-22-26__resist_495V_drift_1000V__mx17_3,C,resist 495 V != bundle 490 V,Ar/Iso 95/5,495,1000,3,4,232,2,408,1,0,1,calib_bundle_lp2_t0p,/eos/experiment/ntof/data/x17/cosmic_bench/june_tests/mx17_det2_det3_overnight_6-22-26
det2_det3,mx17_det2_det3_overnight_6-22-26,resist_500V_drift_1000V,mx17_2,c26__mx17_det2_det3_overnight_6-22-26__resist_500V_drift_1000V__mx17_2,C,resist 500 V != bundle 495 V,Ar/Iso 95/5,500,1000,6,8,702,2,436,1,0,1,calib_bundle_lp,/eos/experiment/ntof/data/x17/cosmic_bench/june_tests/mx17_det2_det3_overnight_6-22-26
det2_det3,mx17_det2_det3_overnight_6-22-26,resist_500V_drift_1000V,mx17_3,c26__mx17_det2_det3_overnight_6-22-26__resist_500V_drift_1000V__mx17_3,C,resist 500 V != bundle 490 V,Ar/Iso 95/5,500,1000,3,4,232,2,411,1,0,1,calib_bundle_lp2_t0p,/eos/experiment/ntof/data/x17/cosmic_bench/june_tests/mx17_det2_det3_overnight_6-22-26
det2_det3,mx17_det2_det3_overnight_6-22-26,resist_505V_drift_1000V,mx17_2,c26__mx17_det2_det3_overnight_6-22-26__resist_505V_drift_1000V__mx17_2,C,resist 505 V != bundle 495 V,Ar/Iso 95/5,505,1000,6,8,702,2,446,1,0,1,calib_bundle_lp,/eos/experiment/ntof/data/x17/cosmic_bench/june_tests/mx17_det2_det3_overnight_6-22-26
det2_det3,mx17_det2_det3_overnight_6-22-26,resist_505V_drift_1000V,mx17_3,c26__mx17_det2_det3_overnight_6-22-26__resist_505V_drift_1000V__mx17_3,C,resist 505 V != bundle 490 V,Ar/Iso 95/5,505,1000,3,4,232,2,424,1,0,1,calib_bundle_lp2_t0p,/eos/experiment/ntof/data/x17/cosmic_bench/june_tests/mx17_det2_det3_overnight_6-22-26
det2_det3,mx17_det2_det3_overnight_6-22-26,resist_510V_drift_1000V,mx17_2,c26__mx17_det2_det3_overnight_6-22-26__resist_510V_drift_1000V__mx17_2,C,resist 510 V != bundle 495 V,Ar/Iso 95/5,510,1000,6,8,702,2,433,1,0,1,calib_bundle_lp,/eos/experiment/ntof/data/x17/cosmic_bench/june_tests/mx17_det2_det3_overnight_6-22-26
det2_det3,mx17_det2_det3_overnight_6-22-26,resist_510V_drift_1000V,mx17_3,c26__mx17_det2_det3_overnight_6-22-26__resist_510V_drift_1000V__mx17_3,C,resist 510 V != bundle 490 V,Ar/Iso 95/5,510,1000,3,4,232,2,419,1,0,1,calib_bundle_lp2_t0p,/eos/experiment/ntof/data/x17/cosmic_bench/june_tests/mx17_det2_det3_overnight_6-22-26
det2_det3,mx17_det2_det3_overnight_6-22-26,resist_515V_drift_1000V,mx17_2,c26__mx17_det2_det3_overnight_6-22-26__resist_515V_drift_1000V__mx17_2,C,resist 515 V != bundle 495 V,Ar/Iso 95/5,515,1000,6,8,702,2,388,1,0,1,calib_bundle_lp,/eos/experiment/ntof/data/x17/cosmic_bench/june_tests/mx17_det2_det3_overnight_6-22-26
det2_det3,mx17_det2_det3_overnight_6-22-26,resist_515V_drift_1000V,mx17_3,c26__mx17_det2_det3_overnight_6-22-26__resist_515V_drift_1000V__mx17_3,C,resist 515 V != bundle 490 V,Ar/Iso 95/5,515,1000,3,4,232,2,384,1,0,1,calib_bundle_lp2_t0p,/eos/experiment/ntof/data/x17/cosmic_bench/june_tests/mx17_det2_det3_overnight_6-22-26
det2_det3,mx17_det2_det3_overnight_6-22-26,resist_520V_drift_1000V,mx17_2,c26__mx17_det2_det3_overnight_6-22-26__resist_520V_drift_1000V__mx17_2,C,resist 520 V != bundle 495 V,Ar/Iso 95/5,520,1000,6,8,702,2,337,1,0,1,calib_bundle_lp,/eos/experiment/ntof/data/x17/cosmic_bench/june_tests/mx17_det2_det3_overnight_6-22-26
det2_det3,mx17_det2_det3_overnight_6-22-26,resist_520V_drift_1000V,mx17_3,c26__mx17_det2_det3_overnight_6-22-26__resist_520V_drift_1000V__mx17_3,C,resist 520 V != bundle 490 V,Ar/Iso 95/5,520,1000,3,4,232,2,344,1,0,1,calib_bundle_lp2_t0p,/eos/experiment/ntof/data/x17/cosmic_bench/june_tests/mx17_det2_det3_overnight_6-22-26
det2_det3,mx17_det2_det3_overnight_6-22-26,resist_525V_drift_1000V,mx17_2,c26__mx17_det2_det3_overnight_6-22-26__resist_525V_drift_1000V__mx17_2,C,resist 525 V != bundle 495 V,Ar/Iso 95/5,525,1000,6,8,702,2,383,1,0,1,calib_bundle_lp,/eos/experiment/ntof/data/x17/cosmic_bench/june_tests/mx17_det2_det3_overnight_6-22-26
det2_det3,mx17_det2_det3_overnight_6-22-26,resist_525V_drift_1000V,mx17_3,c26__mx17_det2_det3_overnight_6-22-26__resist_525V_drift_1000V__mx17_3,C,resist 525 V != bundle 490 V,Ar/Iso 95/5,525,1000,3,4,232,2,412,1,0,1,calib_bundle_lp2_t0p,/eos/experiment/ntof/data/x17/cosmic_bench/june_tests/mx17_det2_det3_overnight_6-22-26
det2_det3,mx17_det2_det3_overnight_6-22-26,short_run,mx17_2,c26__mx17_det2_det3_overnight_6-22-26__short_run__mx17_2,A,,Ar/Iso 95/5,495,1000,6,8,702,4,871,1,0,1,calib_bundle_lp,/eos/experiment/ntof/data/x17/cosmic_bench/june_tests/mx17_det2_det3_overnight_6-22-26
det2_det3,mx17_det2_det3_overnight_6-22-26,short_run,mx17_3,c26__mx17_det2_det3_overnight_6-22-26__short_run__mx17_3,C,resist 495 V != bundle 490 V,Ar/Iso 95/5,495,1000,3,4,232,4,819,1,0,1,calib_bundle_lp2_t0p,/eos/experiment/ntof/data/x17/cosmic_bench/june_tests/mx17_det2_det3_overnight_6-22-26
det3,mx17_det3_day_6-25-26,long_run,mx17_3,c26__mx17_det3_day_6-25-26__long_run__mx17_3,C,resist 495 V != bundle 490 V,Ar/Iso 95/5,495,500,3,4,232,12,2679,1,0,1,calib_bundle_lp2_t0p,/eos/experiment/ntof/data/x17/cosmic_bench/june_tests/mx17_det3_day_6-25-26
det3,mx17_det3_p2_det1_overnight_6-27-26,long_run_p2_det1_sanity_check,mx17_3,c26__mx17_det3_p2_det1_overnight_6-27-26__long_run_p2_det1_sanity_check__mx17_3,A,,Ar/Iso 95/5,490,1000,7,8,702,26,6197,1,0,1,calib_bundle_lp2_t0p,/eos/experiment/ntof/data/x17/cosmic_bench/june_tests/mx17_det3_p2_det1_overnight_6-27-26
det3,mx17_det3_quick_6-26-26,resist_530V_drift_1200V,mx17_3,c26__mx17_det3_quick_6-26-26__resist_530V_drift_1200V__mx17_3,C,resist 530 V != bundle 490 V,Ar/Iso 95/5,530,1200,3,4,702,14,3356,1,0,1,calib_bundle_lp2_t0p,/eos/experiment/ntof/data/x17/cosmic_bench/june_tests/mx17_det3_quick_6-26-26
det3,mx17_det3_saturday_scan_6-27-26,drift_scan_resist_490V_drift_100V,mx17_3,c26__mx17_det3_saturday_scan_6-27-26__drift_scan_resist_490V_drift_100V__mx17_3,B,drift 100 V vs bundle 1000 V,Ar/Iso 95/5,490,100,7,8,702,2,211,1,1,1,calib_bundle_lp2_t0p,/eos/experiment/ntof/data/x17/cosmic_bench/june_tests/mx17_det3_saturday_scan_6-27-26
det3,mx17_det3_saturday_scan_6-27-26,drift_scan_resist_490V_drift_1100V,mx17_3,c26__mx17_det3_saturday_scan_6-27-26__drift_scan_resist_490V_drift_1100V__mx17_3,B,drift 1100 V vs bundle 1000 V,Ar/Iso 95/5,490,1100,7,8,702,2,211,1,1,1,calib_bundle_lp2_t0p,/eos/experiment/ntof/data/x17/cosmic_bench/june_tests/mx17_det3_saturday_scan_6-27-26
det3,mx17_det3_saturday_scan_6-27-26,drift_scan_resist_490V_drift_300V,mx17_3,c26__mx17_det3_saturday_scan_6-27-26__drift_scan_resist_490V_drift_300V__mx17_3,B,drift 300 V vs bundle 1000 V,Ar/Iso 95/5,490,300,7,8,702,2,206,1,1,1,calib_bundle_lp2_t0p,/eos/experiment/ntof/data/x17/cosmic_bench/june_tests/mx17_det3_saturday_scan_6-27-26
det3,mx17_det3_saturday_scan_6-27-26,drift_scan_resist_490V_drift_500V,mx17_3,c26__mx17_det3_saturday_scan_6-27-26__drift_scan_resist_490V_drift_500V__mx17_3,B,drift 500 V vs bundle 1000 V,Ar/Iso 95/5,490,500,7,8,702,2,211,1,1,1,calib_bundle_lp2_t0p,/eos/experiment/ntof/data/x17/cosmic_bench/june_tests/mx17_det3_saturday_scan_6-27-26
det3,mx17_det3_saturday_scan_6-27-26,drift_scan_resist_490V_drift_700V,mx17_3,c26__mx17_det3_saturday_scan_6-27-26__drift_scan_resist_490V_drift_700V__mx17_3,B,drift 700 V vs bundle 1000 V,Ar/Iso 95/5,490,700,7,8,702,2,212,1,1,1,calib_bundle_lp2_t0p,/eos/experiment/ntof/data/x17/cosmic_bench/june_tests/mx17_det3_saturday_scan_6-27-26
det3,mx17_det3_saturday_scan_6-27-26,drift_scan_resist_490V_drift_900V,mx17_3,c26__mx17_det3_saturday_scan_6-27-26__drift_scan_resist_490V_drift_900V__mx17_3,B,drift 900 V vs bundle 1000 V,Ar/Iso 95/5,490,900,7,8,702,2,210,1,1,1,calib_bundle_lp2_t0p,/eos/experiment/ntof/data/x17/cosmic_bench/june_tests/mx17_det3_saturday_scan_6-27-26
det3,mx17_det3_saturday_scan_6-27-26,hv_scan2_resist_460V_drift_1000V,mx17_3,c26__mx17_det3_saturday_scan_6-27-26__hv_scan2_resist_460V_drift_1000V__mx17_3,C,resist 460 V != bundle 490 V,Ar/Iso 95/5,460,1000,7,8,702,2,207,1,1,1,calib_bundle_lp2_t0p,/eos/experiment/ntof/data/x17/cosmic_bench/june_tests/mx17_det3_saturday_scan_6-27-26
det3,mx17_det3_saturday_scan_6-27-26,hv_scan2_resist_470V_drift_1000V,mx17_3,c26__mx17_det3_saturday_scan_6-27-26__hv_scan2_resist_470V_drift_1000V__mx17_3,C,resist 470 V != bundle 490 V,Ar/Iso 95/5,470,1000,7,8,702,2,209,1,1,1,calib_bundle_lp2_t0p,/eos/experiment/ntof/data/x17/cosmic_bench/june_tests/mx17_det3_saturday_scan_6-27-26
det3,mx17_det3_saturday_scan_6-27-26,hv_scan2_resist_480V_drift_1000V,mx17_3,c26__mx17_det3_saturday_scan_6-27-26__hv_scan2_resist_480V_drift_1000V__mx17_3,C,resist 480 V != bundle 490 V,Ar/Iso 95/5,480,1000,7,8,702,2,213,1,1,1,calib_bundle_lp2_t0p,/eos/experiment/ntof/data/x17/cosmic_bench/june_tests/mx17_det3_saturday_scan_6-27-26
det3,mx17_det3_saturday_scan_6-27-26,hv_scan2_resist_490V_drift_1000V,mx17_3,c26__mx17_det3_saturday_scan_6-27-26__hv_scan2_resist_490V_drift_1000V__mx17_3,A,,Ar/Iso 95/5,490,1000,7,8,702,2,214,1,1,1,calib_bundle_lp2_t0p,/eos/experiment/ntof/data/x17/cosmic_bench/june_tests/mx17_det3_saturday_scan_6-27-26
det3,mx17_det3_saturday_scan_6-27-26,hv_scan2_resist_500V_drift_1000V,mx17_3,c26__mx17_det3_saturday_scan_6-27-26__hv_scan2_resist_500V_drift_1000V__mx17_3,C,resist 500 V != bundle 490 V,Ar/Iso 95/5,500,1000,7,8,702,2,208,1,1,1,calib_bundle_lp2_t0p,/eos/experiment/ntof/data/x17/cosmic_bench/june_tests/mx17_det3_saturday_scan_6-27-26
det3,mx17_det3_saturday_scan_6-27-26,hv_scan2_resist_510V_drift_1000V,mx17_3,c26__mx17_det3_saturday_scan_6-27-26__hv_scan2_resist_510V_drift_1000V__mx17_3,C,resist 510 V != bundle 490 V,Ar/Iso 95/5,510,1000,7,8,702,2,216,1,1,1,calib_bundle_lp2_t0p,/eos/experiment/ntof/data/x17/cosmic_bench/june_tests/mx17_det3_saturday_scan_6-27-26
det3,mx17_det3_saturday_scan_6-27-26,hv_scan2_resist_520V_drift_1000V,mx17_3,c26__mx17_det3_saturday_scan_6-27-26__hv_scan2_resist_520V_drift_1000V__mx17_3,C,resist 520 V != bundle 490 V,Ar/Iso 95/5,520,1000,7,8,702,2,214,1,1,1,calib_bundle_lp2_t0p,/eos/experiment/ntof/data/x17/cosmic_bench/june_tests/mx17_det3_saturday_scan_6-27-26
det3,mx17_det3_saturday_scan_6-27-26,hv_scan_resist_425V_drift_1000V,mx17_3,c26__mx17_det3_saturday_scan_6-27-26__hv_scan_resist_425V_drift_1000V__mx17_3,C,resist 425 V != bundle 490 V,Ar/Iso 95/5,425,1000,7,8,702,2,208,1,1,1,calib_bundle_lp2_t0p,/eos/experiment/ntof/data/x17/cosmic_bench/june_tests/mx17_det3_saturday_scan_6-27-26
det3,mx17_det3_saturday_scan_6-27-26,hv_scan_resist_435V_drift_1000V,mx17_3,c26__mx17_det3_saturday_scan_6-27-26__hv_scan_resist_435V_drift_1000V__mx17_3,C,resist 435 V != bundle 490 V,Ar/Iso 95/5,435,1000,7,8,702,2,209,1,1,1,calib_bundle_lp2_t0p,/eos/experiment/ntof/data/x17/cosmic_bench/june_tests/mx17_det3_saturday_scan_6-27-26
det3,mx17_det3_saturday_scan_6-27-26,hv_scan_resist_445V_drift_1000V,mx17_3,c26__mx17_det3_saturday_scan_6-27-26__hv_scan_resist_445V_drift_1000V__mx17_3,C,resist 445 V != bundle 490 V,Ar/Iso 95/5,445,1000,7,8,702,2,204,1,1,1,calib_bundle_lp2_t0p,/eos/experiment/ntof/data/x17/cosmic_bench/june_tests/mx17_det3_saturday_scan_6-27-26
det3,mx17_det3_saturday_scan_6-27-26,hv_scan_resist_455V_drift_1000V,mx17_3,c26__mx17_det3_saturday_scan_6-27-26__hv_scan_resist_455V_drift_1000V__mx17_3,C,resist 455 V != bundle 490 V,Ar/Iso 95/5,455,1000,7,8,702,2,211,1,1,1,calib_bundle_lp2_t0p,/eos/experiment/ntof/data/x17/cosmic_bench/june_tests/mx17_det3_saturday_scan_6-27-26
det3,mx17_det3_saturday_scan_6-27-26,hv_scan_resist_465V_drift_1000V,mx17_3,c26__mx17_det3_saturday_scan_6-27-26__hv_scan_resist_465V_drift_1000V__mx17_3,C,resist 465 V != bundle 490 V,Ar/Iso 95/5,465,1000,7,8,702,2,211,1,1,1,calib_bundle_lp2_t0p,/eos/experiment/ntof/data/x17/cosmic_bench/june_tests/mx17_det3_saturday_scan_6-27-26
det3,mx17_det3_saturday_scan_6-27-26,hv_scan_resist_475V_drift_1000V,mx17_3,c26__mx17_det3_saturday_scan_6-27-26__hv_scan_resist_475V_drift_1000V__mx17_3,C,resist 475 V != bundle 490 V,Ar/Iso 95/5,475,1000,7,8,702,2,213,1,1,1,calib_bundle_lp2_t0p,/eos/experiment/ntof/data/x17/cosmic_bench/june_tests/mx17_det3_saturday_scan_6-27-26
det3,mx17_det3_saturday_scan_6-27-26,hv_scan_resist_485V_drift_1000V,mx17_3,c26__mx17_det3_saturday_scan_6-27-26__hv_scan_resist_485V_drift_1000V__mx17_3,C,resist 485 V != bundle 490 V,Ar/Iso 95/5,485,1000,7,8,702,2,209,1,1,1,calib_bundle_lp2_t0p,/eos/experiment/ntof/data/x17/cosmic_bench/june_tests/mx17_det3_saturday_scan_6-27-26
det3,mx17_det3_saturday_scan_6-27-26,hv_scan_resist_495V_drift_1000V,mx17_3,c26__mx17_det3_saturday_scan_6-27-26__hv_scan_resist_495V_drift_1000V__mx17_3,C,resist 495 V != bundle 490 V,Ar/Iso 95/5,495,1000,7,8,702,2,213,1,1,1,calib_bundle_lp2_t0p,/eos/experiment/ntof/data/x17/cosmic_bench/june_tests/mx17_det3_saturday_scan_6-27-26
det3,mx17_det3_saturday_scan_6-27-26,hv_scan_resist_505V_drift_1000V,mx17_3,c26__mx17_det3_saturday_scan_6-27-26__hv_scan_resist_505V_drift_1000V__mx17_3,C,resist 505 V != bundle 490 V,Ar/Iso 95/5,505,1000,7,8,702,2,214,1,1,1,calib_bundle_lp2_t0p,/eos/experiment/ntof/data/x17/cosmic_bench/june_tests/mx17_det3_saturday_scan_6-27-26
det3,mx17_det3_saturday_scan_6-27-26,hv_scan_resist_515V_drift_1000V,mx17_3,c26__mx17_det3_saturday_scan_6-27-26__hv_scan_resist_515V_drift_1000V__mx17_3,C,resist 515 V != bundle 490 V,Ar/Iso 95/5,515,1000,7,8,702,2,214,1,1,1,calib_bundle_lp2_t0p,/eos/experiment/ntof/data/x17/cosmic_bench/june_tests/mx17_det3_saturday_scan_6-27-26
det3,mx17_det3_saturday_scan_6-27-26,hv_scan_resist_525V_drift_1000V,mx17_3,c26__mx17_det3_saturday_scan_6-27-26__hv_scan_resist_525V_drift_1000V__mx17_3,C,resist 525 V != bundle 490 V,Ar/Iso 95/5,525,1000,7,8,702,2,214,1,1,1,calib_bundle_lp2_t0p,/eos/experiment/ntof/data/x17/cosmic_bench/june_tests/mx17_det3_saturday_scan_6-27-26
det3,mx17_det3_saturday_scan_6-27-26,long_run_resist_490V_drift_1000V,mx17_3,sat_det3,A,,Ar/Iso 95/5,490,1000,7,8,702,8,1929,1,1,1,calib_bundle_lp2_t0p,/eos/experiment/ntof/data/x17/cosmic_bench/june_tests/mx17_det3_saturday_scan_6-27-26
det3_det4,mx17_det3_det4_overnight_6-23-26,long_run,mx17_3,c26__mx17_det3_det4_overnight_6-23-26__long_run__mx17_3,C,resist 495 V != bundle 490 V,Ar/Iso 95/5,495,600,3,4,232,25,6000,1,0,1,calib_bundle_lp2_t0p,/eos/experiment/ntof/data/x17/cosmic_bench/june_tests/mx17_det3_det4_overnight_6-23-26
det3_det4,mx17_det3_det4_overnight_6-23-26,long_run,mx17_4,c26__mx17_det3_det4_overnight_6-23-26__long_run__mx17_4,A,,Ar/Iso 95/5,495,600,6,8,702,25,6464,1,0,1,calib_bundle_lp,/eos/experiment/ntof/data/x17/cosmic_bench/june_tests/mx17_det3_det4_overnight_6-23-26
det3_det4,mx17_det3_det4_overnight_6-23-26,longer_run,mx17_3,c26__mx17_det3_det4_overnight_6-23-26__longer_run__mx17_3,C,resist 495 V != bundle 490 V,Ar/Iso 95/5,495,600,3,4,232,8,1633,1,0,1,calib_bundle_lp2_t0p,/eos/experiment/ntof/data/x17/cosmic_bench/june_tests/mx17_det3_det4_overnight_6-23-26
det3_det4,mx17_det3_det4_overnight_6-23-26,longer_run,mx17_4,c26__mx17_det3_det4_overnight_6-23-26__longer_run__mx17_4,A,,Ar/Iso 95/5,495,600,6,8,702,8,1766,1,0,1,calib_bundle_lp,/eos/experiment/ntof/data/x17/cosmic_bench/june_tests/mx17_det3_det4_overnight_6-23-26
det3_det4,mx17_det3_det4_overnight_6-23-26,resist_465V_drift_600V,mx17_3,c26__mx17_det3_det4_overnight_6-23-26__resist_465V_drift_600V__mx17_3,C,resist 465 V != bundle 490 V,Ar/Iso 95/5,465,600,3,4,232,2,191,1,0,1,calib_bundle_lp2_t0p,/eos/experiment/ntof/data/x17/cosmic_bench/june_tests/mx17_det3_det4_overnight_6-23-26
det3_det4,mx17_det3_det4_overnight_6-23-26,resist_465V_drift_600V,mx17_4,c26__mx17_det3_det4_overnight_6-23-26__resist_465V_drift_600V__mx17_4,C,resist 465 V != bundle 495 V,Ar/Iso 95/5,465,600,6,8,702,2,205,1,0,1,calib_bundle_lp,/eos/experiment/ntof/data/x17/cosmic_bench/june_tests/mx17_det3_det4_overnight_6-23-26
det3_det4,mx17_det3_det4_overnight_6-23-26,resist_470V_drift_600V,mx17_3,c26__mx17_det3_det4_overnight_6-23-26__resist_470V_drift_600V__mx17_3,C,resist 470 V != bundle 490 V,Ar/Iso 95/5,470,600,3,4,232,2,217,1,0,1,calib_bundle_lp2_t0p,/eos/experiment/ntof/data/x17/cosmic_bench/june_tests/mx17_det3_det4_overnight_6-23-26
det3_det4,mx17_det3_det4_overnight_6-23-26,resist_470V_drift_600V,mx17_4,c26__mx17_det3_det4_overnight_6-23-26__resist_470V_drift_600V__mx17_4,C,resist 470 V != bundle 495 V,Ar/Iso 95/5,470,600,6,8,702,2,233,1,0,1,calib_bundle_lp,/eos/experiment/ntof/data/x17/cosmic_bench/june_tests/mx17_det3_det4_overnight_6-23-26
det3_det4,mx17_det3_det4_overnight_6-23-26,resist_475V_drift_600V,mx17_3,c26__mx17_det3_det4_overnight_6-23-26__resist_475V_drift_600V__mx17_3,C,resist 475 V != bundle 490 V,Ar/Iso 95/5,475,600,3,4,232,2,222,1,0,1,calib_bundle_lp2_t0p,/eos/experiment/ntof/data/x17/cosmic_bench/june_tests/mx17_det3_det4_overnight_6-23-26
det3_det4,mx17_det3_det4_overnight_6-23-26,resist_475V_drift_600V,mx17_4,c26__mx17_det3_det4_overnight_6-23-26__resist_475V_drift_600V__mx17_4,C,resist 475 V != bundle 495 V,Ar/Iso 95/5,475,600,6,8,702,2,238,1,0,1,calib_bundle_lp,/eos/experiment/ntof/data/x17/cosmic_bench/june_tests/mx17_det3_det4_overnight_6-23-26
det3_det4,mx17_det3_det4_overnight_6-23-26,resist_480V_drift_600V,mx17_3,c26__mx17_det3_det4_overnight_6-23-26__resist_480V_drift_600V__mx17_3,C,resist 480 V != bundle 490 V,Ar/Iso 95/5,480,600,3,4,232,2,215,1,0,1,calib_bundle_lp2_t0p,/eos/experiment/ntof/data/x17/cosmic_bench/june_tests/mx17_det3_det4_overnight_6-23-26
det3_det4,mx17_det3_det4_overnight_6-23-26,resist_480V_drift_600V,mx17_4,c26__mx17_det3_det4_overnight_6-23-26__resist_480V_drift_600V__mx17_4,C,resist 480 V != bundle 495 V,Ar/Iso 95/5,480,600,6,8,702,2,231,1,0,1,calib_bundle_lp,/eos/experiment/ntof/data/x17/cosmic_bench/june_tests/mx17_det3_det4_overnight_6-23-26
det3_det4,mx17_det3_det4_overnight_6-23-26,resist_485V_drift_600V,mx17_3,c26__mx17_det3_det4_overnight_6-23-26__resist_485V_drift_600V__mx17_3,C,resist 485 V != bundle 490 V,Ar/Iso 95/5,485,600,3,4,232,2,247,1,0,1,calib_bundle_lp2_t0p,/eos/experiment/ntof/data/x17/cosmic_bench/june_tests/mx17_det3_det4_overnight_6-23-26
det3_det4,mx17_det3_det4_overnight_6-23-26,resist_485V_drift_600V,mx17_4,c26__mx17_det3_det4_overnight_6-23-26__resist_485V_drift_600V__mx17_4,C,resist 485 V != bundle 495 V,Ar/Iso 95/5,485,600,6,8,702,2,267,1,0,1,calib_bundle_lp,/eos/experiment/ntof/data/x17/cosmic_bench/june_tests/mx17_det3_det4_overnight_6-23-26
det3_det4,mx17_det3_det4_overnight_6-23-26,resist_490V_drift_600V,mx17_3,c26__mx17_det3_det4_overnight_6-23-26__resist_490V_drift_600V__mx17_3,B,drift 600 V vs bundle 1000 V,Ar/Iso 95/5,490,600,3,4,232,2,210,1,0,1,calib_bundle_lp2_t0p,/eos/experiment/ntof/data/x17/cosmic_bench/june_tests/mx17_det3_det4_overnight_6-23-26
det3_det4,mx17_det3_det4_overnight_6-23-26,resist_490V_drift_600V,mx17_4,c26__mx17_det3_det4_overnight_6-23-26__resist_490V_drift_600V__mx17_4,C,resist 490 V != bundle 495 V,Ar/Iso 95/5,490,600,6,8,702,2,226,1,0,1,calib_bundle_lp,/eos/experiment/ntof/data/x17/cosmic_bench/june_tests/mx17_det3_det4_overnight_6-23-26
det3_det4,mx17_det3_det4_overnight_6-23-26,resist_495V_drift_600V,mx17_3,c26__mx17_det3_det4_overnight_6-23-26__resist_495V_drift_600V__mx17_3,C,resist 495 V != bundle 490 V,Ar/Iso 95/5,495,600,3,4,232,2,228,1,0,1,calib_bundle_lp2_t0p,/eos/experiment/ntof/data/x17/cosmic_bench/june_tests/mx17_det3_det4_overnight_6-23-26
det3_det4,mx17_det3_det4_overnight_6-23-26,resist_495V_drift_600V,mx17_4,c26__mx17_det3_det4_overnight_6-23-26__resist_495V_drift_600V__mx17_4,A,,Ar/Iso 95/5,495,600,6,8,702,2,245,1,0,1,calib_bundle_lp,/eos/experiment/ntof/data/x17/cosmic_bench/june_tests/mx17_det3_det4_overnight_6-23-26
det3_det4,mx17_det3_det4_overnight_6-23-26,resist_500V_drift_600V,mx17_3,c26__mx17_det3_det4_overnight_6-23-26__resist_500V_drift_600V__mx17_3,C,resist 500 V != bundle 490 V,Ar/Iso 95/5,500,600,3,4,232,2,238,1,0,1,calib_bundle_lp2_t0p,/eos/experiment/ntof/data/x17/cosmic_bench/june_tests/mx17_det3_det4_overnight_6-23-26
det3_det4,mx17_det3_det4_overnight_6-23-26,resist_500V_drift_600V,mx17_4,c26__mx17_det3_det4_overnight_6-23-26__resist_500V_drift_600V__mx17_4,C,resist 500 V != bundle 495 V,Ar/Iso 95/5,500,600,6,8,702,2,257,1,0,1,calib_bundle_lp,/eos/experiment/ntof/data/x17/cosmic_bench/june_tests/mx17_det3_det4_overnight_6-23-26
det3_det4,mx17_det3_det4_overnight_6-23-26,resist_505V_drift_600V,mx17_3,c26__mx17_det3_det4_overnight_6-23-26__resist_505V_drift_600V__mx17_3,C,resist 505 V != bundle 490 V,Ar/Iso 95/5,505,600,3,4,232,2,228,1,0,1,calib_bundle_lp2_t0p,/eos/experiment/ntof/data/x17/cosmic_bench/june_tests/mx17_det3_det4_overnight_6-23-26
det3_det4,mx17_det3_det4_overnight_6-23-26,resist_505V_drift_600V,mx17_4,c26__mx17_det3_det4_overnight_6-23-26__resist_505V_drift_600V__mx17_4,C,resist 505 V != bundle 495 V,Ar/Iso 95/5,505,600,6,8,702,2,246,1,0,1,calib_bundle_lp,/eos/experiment/ntof/data/x17/cosmic_bench/june_tests/mx17_det3_det4_overnight_6-23-26
det3_det4,mx17_det3_det4_overnight_6-23-26,resist_510V_drift_600V,mx17_3,c26__mx17_det3_det4_overnight_6-23-26__resist_510V_drift_600V__mx17_3,C,resist 510 V != bundle 490 V,Ar/Iso 95/5,510,600,3,4,232,2,223,1,0,1,calib_bundle_lp2_t0p,/eos/experiment/ntof/data/x17/cosmic_bench/june_tests/mx17_det3_det4_overnight_6-23-26
det3_det4,mx17_det3_det4_overnight_6-23-26,resist_510V_drift_600V,mx17_4,c26__mx17_det3_det4_overnight_6-23-26__resist_510V_drift_600V__mx17_4,C,resist 510 V != bundle 495 V,Ar/Iso 95/5,510,600,6,8,702,2,239,1,0,1,calib_bundle_lp,/eos/experiment/ntof/data/x17/cosmic_bench/june_tests/mx17_det3_det4_overnight_6-23-26
det3_det4,mx17_det3_det4_overnight_6-23-26,resist_515V_drift_600V,mx17_3,c26__mx17_det3_det4_overnight_6-23-26__resist_515V_drift_600V__mx17_3,C,resist 515 V != bundle 490 V,Ar/Iso 95/5,515,600,3,4,232,2,162,1,0,1,calib_bundle_lp2_t0p,/eos/experiment/ntof/data/x17/cosmic_bench/june_tests/mx17_det3_det4_overnight_6-23-26
det3_det4,mx17_det3_det4_overnight_6-23-26,resist_515V_drift_600V,mx17_4,c26__mx17_det3_det4_overnight_6-23-26__resist_515V_drift_600V__mx17_4,C,resist 515 V != bundle 495 V,Ar/Iso 95/5,515,600,6,8,702,2,173,1,0,1,calib_bundle_lp,/eos/experiment/ntof/data/x17/cosmic_bench/june_tests/mx17_det3_det4_overnight_6-23-26
det3_det4,mx17_det3_det4_overnight_6-23-26,resist_520V_drift_600V,mx17_3,c26__mx17_det3_det4_overnight_6-23-26__resist_520V_drift_600V__mx17_3,C,resist 520 V != bundle 490 V,Ar/Iso 95/5,520,600,3,4,232,2,159,1,0,1,calib_bundle_lp2_t0p,/eos/experiment/ntof/data/x17/cosmic_bench/june_tests/mx17_det3_det4_overnight_6-23-26
det3_det4,mx17_det3_det4_overnight_6-23-26,resist_520V_drift_600V,mx17_4,c26__mx17_det3_det4_overnight_6-23-26__resist_520V_drift_600V__mx17_4,C,resist 520 V != bundle 495 V,Ar/Iso 95/5,520,600,6,8,702,2,170,1,0,1,calib_bundle_lp,/eos/experiment/ntof/data/x17/cosmic_bench/june_tests/mx17_det3_det4_overnight_6-23-26
det3_det4,mx17_det3_det4_overnight_6-23-26,resist_525V_drift_600V,mx17_3,c26__mx17_det3_det4_overnight_6-23-26__resist_525V_drift_600V__mx17_3,C,resist 525 V != bundle 490 V,Ar/Iso 95/5,525,600,3,4,232,2,192,1,0,1,calib_bundle_lp2_t0p,/eos/experiment/ntof/data/x17/cosmic_bench/june_tests/mx17_det3_det4_overnight_6-23-26
det3_det4,mx17_det3_det4_overnight_6-23-26,resist_525V_drift_600V,mx17_4,c26__mx17_det3_det4_overnight_6-23-26__resist_525V_drift_600V__mx17_4,C,resist 525 V != bundle 495 V,Ar/Iso 95/5,525,600,6,8,702,2,205,1,0,1,calib_bundle_lp,/eos/experiment/ntof/data/x17/cosmic_bench/june_tests/mx17_det3_det4_overnight_6-23-26
det3_det4,mx17_det3_det4_overnight_6-23-26,short_run,mx17_3,c26__mx17_det3_det4_overnight_6-23-26__short_run__mx17_3,C,resist 495 V != bundle 490 V,Ar/Iso 95/5,495,600,3,4,232,4,819,1,0,1,calib_bundle_lp2_t0p,/eos/experiment/ntof/data/x17/cosmic_bench/june_tests/mx17_det3_det4_overnight_6-23-26
det3_det4,mx17_det3_det4_overnight_6-23-26,short_run,mx17_4,c26__mx17_det3_det4_overnight_6-23-26__short_run__mx17_4,A,,Ar/Iso 95/5,495,600,6,8,702,4,886,1,0,1,calib_bundle_lp,/eos/experiment/ntof/data/x17/cosmic_bench/june_tests/mx17_det3_det4_overnight_6-23-26
det4_day,mx17_det4_day_6-24-26,long_run,mx17_4,g_det4,A,,Ar/Iso 95/5,495,600,6,8,702,16,4470,1,1,1,calib_bundle_lp,/eos/experiment/ntof/data/x17/cosmic_bench/june_tests/mx17_det4_day_6-24-26
det6_det7,mx17_det6_det7_hv_scan_6-26-26,resist_det6_400V_det7_400V_drift_700V,mx17_6,c26__mx17_det6_det7_hv_scan_6-26-26__resist_det6_400V_det7_400V_drift_700V__mx17_6,C,resist 400 V != bundle 495 V,Ar/Iso 95/5,400,700,3,4,232,2,151,1,0,1,calib_bundle_lp,/eos/experiment/ntof/data/x17/cosmic_bench/june_tests/mx17_det6_det7_hv_scan_6-26-26
det6_det7,mx17_det6_det7_hv_scan_6-26-26,resist_det6_400V_det7_400V_drift_700V,mx17_7,c26__mx17_det6_det7_hv_scan_6-26-26__resist_det6_400V_det7_400V_drift_700V__mx17_7,C,resist 400 V != bundle 495 V,Ar/Iso 95/5,400,700,6,8,702,2,145,1,0,1,calib_bundle_lp,/eos/experiment/ntof/data/x17/cosmic_bench/june_tests/mx17_det6_det7_hv_scan_6-26-26
det6_det7,mx17_det6_det7_hv_scan_6-26-26,resist_det6_405V_det7_405V_drift_700V,mx17_6,c26__mx17_det6_det7_hv_scan_6-26-26__resist_det6_405V_det7_405V_drift_700V__mx17_6,C,resist 405 V != bundle 495 V,Ar/Iso 95/5,405,700,3,4,232,2,308,1,0,1,calib_bundle_lp,/eos/experiment/ntof/data/x17/cosmic_bench/june_tests/mx17_det6_det7_hv_scan_6-26-26
det6_det7,mx17_det6_det7_hv_scan_6-26-26,resist_det6_405V_det7_405V_drift_700V,mx17_7,c26__mx17_det6_det7_hv_scan_6-26-26__resist_det6_405V_det7_405V_drift_700V__mx17_7,C,resist 405 V != bundle 495 V,Ar/Iso 95/5,405,700,6,8,702,2,295,1,0,1,calib_bundle_lp,/eos/experiment/ntof/data/x17/cosmic_bench/june_tests/mx17_det6_det7_hv_scan_6-26-26
det6_det7,mx17_det6_det7_hv_scan_6-26-26,resist_det6_410V_det7_410V_drift_700V,mx17_6,c26__mx17_det6_det7_hv_scan_6-26-26__resist_det6_410V_det7_410V_drift_700V__mx17_6,C,resist 410 V != bundle 495 V,Ar/Iso 95/5,410,700,3,4,232,2,149,1,0,1,calib_bundle_lp,/eos/experiment/ntof/data/x17/cosmic_bench/june_tests/mx17_det6_det7_hv_scan_6-26-26
det6_det7,mx17_det6_det7_hv_scan_6-26-26,resist_det6_410V_det7_410V_drift_700V,mx17_7,c26__mx17_det6_det7_hv_scan_6-26-26__resist_det6_410V_det7_410V_drift_700V__mx17_7,C,resist 410 V != bundle 495 V,Ar/Iso 95/5,410,700,6,8,702,2,144,1,0,1,calib_bundle_lp,/eos/experiment/ntof/data/x17/cosmic_bench/june_tests/mx17_det6_det7_hv_scan_6-26-26
det6_det7,mx17_det6_det7_hv_scan_6-26-26,resist_det6_415V_det7_415V_drift_700V,mx17_6,c26__mx17_det6_det7_hv_scan_6-26-26__resist_det6_415V_det7_415V_drift_700V__mx17_6,C,resist 415 V != bundle 495 V,Ar/Iso 95/5,415,700,3,4,232,2,306,1,0,1,calib_bundle_lp,/eos/experiment/ntof/data/x17/cosmic_bench/june_tests/mx17_det6_det7_hv_scan_6-26-26
det6_det7,mx17_det6_det7_hv_scan_6-26-26,resist_det6_415V_det7_415V_drift_700V,mx17_7,c26__mx17_det6_det7_hv_scan_6-26-26__resist_det6_415V_det7_415V_drift_700V__mx17_7,C,resist 415 V != bundle 495 V,Ar/Iso 95/5,415,700,6,8,702,2,294,1,0,1,calib_bundle_lp,/eos/experiment/ntof/data/x17/cosmic_bench/june_tests/mx17_det6_det7_hv_scan_6-26-26
det6_det7,mx17_det6_det7_hv_scan_6-26-26,resist_det6_420V_det7_420V_drift_700V,mx17_6,c26__mx17_det6_det7_hv_scan_6-26-26__resist_det6_420V_det7_420V_drift_700V__mx17_6,C,resist 420 V != bundle 495 V,Ar/Iso 95/5,420,700,3,4,232,2,144,1,0,1,calib_bundle_lp,/eos/experiment/ntof/data/x17/cosmic_bench/june_tests/mx17_det6_det7_hv_scan_6-26-26
det6_det7,mx17_det6_det7_hv_scan_6-26-26,resist_det6_420V_det7_420V_drift_700V,mx17_7,c26__mx17_det6_det7_hv_scan_6-26-26__resist_det6_420V_det7_420V_drift_700V__mx17_7,C,resist 420 V != bundle 495 V,Ar/Iso 95/5,420,700,6,8,702,2,139,1,0,1,calib_bundle_lp,/eos/experiment/ntof/data/x17/cosmic_bench/june_tests/mx17_det6_det7_hv_scan_6-26-26
det6_det7,mx17_det6_det7_hv_scan_6-26-26,resist_det6_425V_det7_425V_drift_700V,mx17_6,c26__mx17_det6_det7_hv_scan_6-26-26__resist_det6_425V_det7_425V_drift_700V__mx17_6,C,resist 425 V != bundle 495 V,Ar/Iso 95/5,425,700,3,4,232,2,299,1,0,1,calib_bundle_lp,/eos/experiment/ntof/data/x17/cosmic_bench/june_tests/mx17_det6_det7_hv_scan_6-26-26
det6_det7,mx17_det6_det7_hv_scan_6-26-26,resist_det6_425V_det7_425V_drift_700V,mx17_7,c26__mx17_det6_det7_hv_scan_6-26-26__resist_det6_425V_det7_425V_drift_700V__mx17_7,C,resist 425 V != bundle 495 V,Ar/Iso 95/5,425,700,6,8,702,2,288,1,0,1,calib_bundle_lp,/eos/experiment/ntof/data/x17/cosmic_bench/june_tests/mx17_det6_det7_hv_scan_6-26-26
det6_det7,mx17_det6_det7_hv_scan_6-26-26,resist_det6_430V_det7_430V_drift_700V,mx17_6,c26__mx17_det6_det7_hv_scan_6-26-26__resist_det6_430V_det7_430V_drift_700V__mx17_6,C,resist 430 V != bundle 495 V,Ar/Iso 95/5,430,700,3,4,232,2,148,1,0,1,calib_bundle_lp,/eos/experiment/ntof/data/x17/cosmic_bench/june_tests/mx17_det6_det7_hv_scan_6-26-26
det6_det7,mx17_det6_det7_hv_scan_6-26-26,resist_det6_430V_det7_430V_drift_700V,mx17_7,c26__mx17_det6_det7_hv_scan_6-26-26__resist_det6_430V_det7_430V_drift_700V__mx17_7,C,resist 430 V != bundle 495 V,Ar/Iso 95/5,430,700,6,8,702,2,143,1,0,1,calib_bundle_lp,/eos/experiment/ntof/data/x17/cosmic_bench/june_tests/mx17_det6_det7_hv_scan_6-26-26
det6_det7,mx17_det6_det7_hv_scan_6-26-26,resist_det6_435V_det7_435V_drift_700V,mx17_6,c26__mx17_det6_det7_hv_scan_6-26-26__resist_det6_435V_det7_435V_drift_700V__mx17_6,C,resist 435 V != bundle 495 V,Ar/Iso 95/5,435,700,3,4,232,2,299,1,0,1,calib_bundle_lp,/eos/experiment/ntof/data/x17/cosmic_bench/june_tests/mx17_det6_det7_hv_scan_6-26-26
det6_det7,mx17_det6_det7_hv_scan_6-26-26,resist_det6_435V_det7_435V_drift_700V,mx17_7,c26__mx17_det6_det7_hv_scan_6-26-26__resist_det6_435V_det7_435V_drift_700V__mx17_7,C,resist 435 V != bundle 495 V,Ar/Iso 95/5,435,700,6,8,702,2,288,1,0,1,calib_bundle_lp,/eos/experiment/ntof/data/x17/cosmic_bench/june_tests/mx17_det6_det7_hv_scan_6-26-26
det6_det7,mx17_det6_det7_hv_scan_6-26-26,resist_det6_440V_det7_440V_drift_700V,mx17_6,c26__mx17_det6_det7_hv_scan_6-26-26__resist_det6_440V_det7_440V_drift_700V__mx17_6,C,resist 440 V != bundle 495 V,Ar/Iso 95/5,440,700,3,4,232,2,115,1,0,1,calib_bundle_lp,/eos/experiment/ntof/data/x17/cosmic_bench/june_tests/mx17_det6_det7_hv_scan_6-26-26
det6_det7,mx17_det6_det7_hv_scan_6-26-26,resist_det6_440V_det7_440V_drift_700V,mx17_7,c26__mx17_det6_det7_hv_scan_6-26-26__resist_det6_440V_det7_440V_drift_700V__mx17_7,C,resist 440 V != bundle 495 V,Ar/Iso 95/5,440,700,6,8,702,2,111,1,0,1,calib_bundle_lp,/eos/experiment/ntof/data/x17/cosmic_bench/june_tests/mx17_det6_det7_hv_scan_6-26-26
det6_det7,mx17_det6_det7_hv_scan_6-26-26,resist_det6_445V_det7_445V_drift_700V,mx17_6,c26__mx17_det6_det7_hv_scan_6-26-26__resist_det6_445V_det7_445V_drift_700V__mx17_6,C,resist 445 V != bundle 495 V,Ar/Iso 95/5,445,700,3,4,232,2,302,1,0,1,calib_bundle_lp,/eos/experiment/ntof/data/x17/cosmic_bench/june_tests/mx17_det6_det7_hv_scan_6-26-26
det6_det7,mx17_det6_det7_hv_scan_6-26-26,resist_det6_445V_det7_445V_drift_700V,mx17_7,c26__mx17_det6_det7_hv_scan_6-26-26__resist_det6_445V_det7_445V_drift_700V__mx17_7,C,resist 445 V != bundle 495 V,Ar/Iso 95/5,445,700,6,8,702,2,290,1,0,1,calib_bundle_lp,/eos/experiment/ntof/data/x17/cosmic_bench/june_tests/mx17_det6_det7_hv_scan_6-26-26
det6_det7,mx17_det6_det7_hv_scan_6-26-26,resist_det6_450V_det7_450V_drift_700V,mx17_6,c26__mx17_det6_det7_hv_scan_6-26-26__resist_det6_450V_det7_450V_drift_700V__mx17_6,C,resist 450 V != bundle 495 V,Ar/Iso 95/5,450,700,3,4,232,2,110,1,0,1,calib_bundle_lp,/eos/experiment/ntof/data/x17/cosmic_bench/june_tests/mx17_det6_det7_hv_scan_6-26-26
det6_det7,mx17_det6_det7_hv_scan_6-26-26,resist_det6_450V_det7_450V_drift_700V,mx17_7,c26__mx17_det6_det7_hv_scan_6-26-26__resist_det6_450V_det7_450V_drift_700V__mx17_7,C,resist 450 V != bundle 495 V,Ar/Iso 95/5,450,700,6,8,702,2,106,1,0,1,calib_bundle_lp,/eos/experiment/ntof/data/x17/cosmic_bench/june_tests/mx17_det6_det7_hv_scan_6-26-26
det6_det7,mx17_det6_det7_hv_scan_6-26-26,resist_det6_465V_det7_465V_drift_700V,mx17_6,c26__mx17_det6_det7_hv_scan_6-26-26__resist_det6_465V_det7_465V_drift_700V__mx17_6,C,resist 465 V != bundle 495 V,Ar/Iso 95/5,465,700,3,4,232,2,299,1,0,1,calib_bundle_lp,/eos/experiment/ntof/data/x17/cosmic_bench/june_tests/mx17_det6_det7_hv_scan_6-26-26
det6_det7,mx17_det6_det7_hv_scan_6-26-26,resist_det6_465V_det7_465V_drift_700V,mx17_7,c26__mx17_det6_det7_hv_scan_6-26-26__resist_det6_465V_det7_465V_drift_700V__mx17_7,C,resist 465 V != bundle 495 V,Ar/Iso 95/5,465,700,6,8,702,2,287,1,0,1,calib_bundle_lp,/eos/experiment/ntof/data/x17/cosmic_bench/june_tests/mx17_det6_det7_hv_scan_6-26-26
det6_det7,mx17_det6_det7_hv_scan_6-26-26,resist_det6_480V_det7_480V_drift_700V,mx17_6,c26__mx17_det6_det7_hv_scan_6-26-26__resist_det6_480V_det7_480V_drift_700V__mx17_6,C,resist 480 V != bundle 495 V,Ar/Iso 95/5,480,700,3,4,232,2,145,1,0,1,calib_bundle_lp,/eos/experiment/ntof/data/x17/cosmic_bench/june_tests/mx17_det6_det7_hv_scan_6-26-26
det6_det7,mx17_det6_det7_hv_scan_6-26-26,resist_det6_480V_det7_480V_drift_700V,mx17_7,c26__mx17_det6_det7_hv_scan_6-26-26__resist_det6_480V_det7_480V_drift_700V__mx17_7,C,resist 480 V != bundle 495 V,Ar/Iso 95/5,480,700,6,8,702,2,140,1,0,1,calib_bundle_lp,/eos/experiment/ntof/data/x17/cosmic_bench/june_tests/mx17_det6_det7_hv_scan_6-26-26
det6_det7,mx17_det6_det7_hv_scan_6-26-26,resist_det6_485V_det7_485V_drift_700V,mx17_6,c26__mx17_det6_det7_hv_scan_6-26-26__resist_det6_485V_det7_485V_drift_700V__mx17_6,C,resist 485 V != bundle 495 V,Ar/Iso 95/5,485,700,3,4,232,2,297,1,0,1,calib_bundle_lp,/eos/experiment/ntof/data/x17/cosmic_bench/june_tests/mx17_det6_det7_hv_scan_6-26-26
det6_det7,mx17_det6_det7_hv_scan_6-26-26,resist_det6_485V_det7_485V_drift_700V,mx17_7,c26__mx17_det6_det7_hv_scan_6-26-26__resist_det6_485V_det7_485V_drift_700V__mx17_7,C,resist 485 V != bundle 495 V,Ar/Iso 95/5,485,700,6,8,702,2,286,1,0,1,calib_bundle_lp,/eos/experiment/ntof/data/x17/cosmic_bench/june_tests/mx17_det6_det7_hv_scan_6-26-26
det6_det7,mx17_det6_det7_hv_scan_6-26-26,resist_det6_495V_det7_495V_drift_700V,mx17_6,c26__mx17_det6_det7_hv_scan_6-26-26__resist_det6_495V_det7_495V_drift_700V__mx17_6,A,,Ar/Iso 95/5,495,700,3,4,232,2,296,1,0,1,calib_bundle_lp,/eos/experiment/ntof/data/x17/cosmic_bench/june_tests/mx17_det6_det7_hv_scan_6-26-26
det6_det7,mx17_det6_det7_hv_scan_6-26-26,resist_det6_495V_det7_495V_drift_700V,mx17_7,c26__mx17_det6_det7_hv_scan_6-26-26__resist_det6_495V_det7_495V_drift_700V__mx17_7,A,,Ar/Iso 95/5,495,700,6,8,702,2,290,1,0,1,calib_bundle_lp,/eos/experiment/ntof/data/x17/cosmic_bench/june_tests/mx17_det6_det7_hv_scan_6-26-26
det6_det7,mx17_det6_det7_hv_scan_6-26-26,resist_det6_500V_det7_500V_drift_700V,mx17_6,c26__mx17_det6_det7_hv_scan_6-26-26__resist_det6_500V_det7_500V_drift_700V__mx17_6,C,resist 500 V != bundle 495 V,Ar/Iso 95/5,500,700,3,4,232,2,145,1,0,1,calib_bundle_lp,/eos/experiment/ntof/data/x17/cosmic_bench/june_tests/mx17_det6_det7_hv_scan_6-26-26
det6_det7,mx17_det6_det7_hv_scan_6-26-26,resist_det6_500V_det7_500V_drift_700V,mx17_7,c26__mx17_det6_det7_hv_scan_6-26-26__resist_det6_500V_det7_500V_drift_700V__mx17_7,C,resist 500 V != bundle 495 V,Ar/Iso 95/5,500,700,6,8,702,2,144,1,0,1,calib_bundle_lp,/eos/experiment/ntof/data/x17/cosmic_bench/june_tests/mx17_det6_det7_hv_scan_6-26-26
det6_det7,mx17_det6_det7_overnight_6-26-26,long_run,mx17_6,g_det6_long,A,,Ar/Iso 95/5,495,700,3,4,232,14,3772,1,1,1,calib_bundle_lp,/eos/experiment/ntof/data/x17/cosmic_bench/june_tests/mx17_det6_det7_overnight_6-26-26
det6_det7,mx17_det6_det7_overnight_6-26-26,long_run,mx17_7,g_det7_long,A,,Ar/Iso 95/5,495,700,6,8,702,14,3656,1,1,1,calib_bundle_lp,/eos/experiment/ntof/data/x17/cosmic_bench/june_tests/mx17_det6_det7_overnight_6-26-26
det6_det7,mx17_det6_det7_overnight_6-26-26,longer_run,mx17_6,c26__mx17_det6_det7_overnight_6-26-26__longer_run__mx17_6,A,,Ar/Iso 95/5,495,700,3,4,232,8,1786,1,0,1,calib_bundle_lp,/eos/experiment/ntof/data/x17/cosmic_bench/june_tests/mx17_det6_det7_overnight_6-26-26
det6_det7,mx17_det6_det7_overnight_6-26-26,longer_run,mx17_7,c26__mx17_det6_det7_overnight_6-26-26__longer_run__mx17_7,A,,Ar/Iso 95/5,495,700,6,8,702,8,1703,1,0,1,calib_bundle_lp,/eos/experiment/ntof/data/x17/cosmic_bench/june_tests/mx17_det6_det7_overnight_6-26-26
det6_det7,mx17_det6_det7_overnight_6-26-26,resist_det6_505V_det7_480V_drift_700V,mx17_6,c26__mx17_det6_det7_overnight_6-26-26__resist_det6_505V_det7_480V_drift_700V__mx17_6,C,resist 505 V != bundle 495 V,Ar/Iso 95/5,505,700,3,4,232,2,298,1,0,1,calib_bundle_lp,/eos/experiment/ntof/data/x17/cosmic_bench/june_tests/mx17_det6_det7_overnight_6-26-26
det6_det7,mx17_det6_det7_overnight_6-26-26,resist_det6_505V_det7_480V_drift_700V,mx17_7,c26__mx17_det6_det7_overnight_6-26-26__resist_det6_505V_det7_480V_drift_700V__mx17_7,C,resist 480 V != bundle 495 V,Ar/Iso 95/5,480,700,6,8,702,2,291,1,0,1,calib_bundle_lp,/eos/experiment/ntof/data/x17/cosmic_bench/june_tests/mx17_det6_det7_overnight_6-26-26
det6_det7,mx17_det6_det7_overnight_6-26-26,resist_det6_510V_det7_485V_drift_700V,mx17_6,c26__mx17_det6_det7_overnight_6-26-26__resist_det6_510V_det7_485V_drift_700V__mx17_6,C,resist 510 V != bundle 495 V,Ar/Iso 95/5,510,700,3,4,232,2,294,1,0,1,calib_bundle_lp,/eos/experiment/ntof/data/x17/cosmic_bench/june_tests/mx17_det6_det7_overnight_6-26-26
det6_det7,mx17_det6_det7_overnight_6-26-26,resist_det6_510V_det7_485V_drift_700V,mx17_7,c26__mx17_det6_det7_overnight_6-26-26__resist_det6_510V_det7_485V_drift_700V__mx17_7,C,resist 485 V != bundle 495 V,Ar/Iso 95/5,485,700,6,8,702,2,290,1,0,1,calib_bundle_lp,/eos/experiment/ntof/data/x17/cosmic_bench/june_tests/mx17_det6_det7_overnight_6-26-26
det6_det7,mx17_det6_det7_overnight_6-26-26,resist_det6_515V_det7_490V_drift_700V,mx17_6,c26__mx17_det6_det7_overnight_6-26-26__resist_det6_515V_det7_490V_drift_700V__mx17_6,C,resist 515 V != bundle 495 V,Ar/Iso 95/5,515,700,3,4,232,2,284,1,0,1,calib_bundle_lp,/eos/experiment/ntof/data/x17/cosmic_bench/june_tests/mx17_det6_det7_overnight_6-26-26
det6_det7,mx17_det6_det7_overnight_6-26-26,resist_det6_515V_det7_490V_drift_700V,mx17_7,c26__mx17_det6_det7_overnight_6-26-26__resist_det6_515V_det7_490V_drift_700V__mx17_7,C,resist 490 V != bundle 495 V,Ar/Iso 95/5,490,700,6,8,702,2,283,1,0,1,calib_bundle_lp,/eos/experiment/ntof/data/x17/cosmic_bench/june_tests/mx17_det6_det7_overnight_6-26-26
det6_det7,mx17_det6_det7_overnight_6-26-26,resist_det6_520V_det7_495V_drift_700V,mx17_6,c26__mx17_det6_det7_overnight_6-26-26__resist_det6_520V_det7_495V_drift_700V__mx17_6,C,resist 520 V != bundle 495 V,Ar/Iso 95/5,520,700,3,4,232,2,284,1,0,1,calib_bundle_lp,/eos/experiment/ntof/data/x17/cosmic_bench/june_tests/mx17_det6_det7_overnight_6-26-26
det6_det7,mx17_det6_det7_overnight_6-26-26,resist_det6_520V_det7_495V_drift_700V,mx17_7,c26__mx17_det6_det7_overnight_6-26-26__resist_det6_520V_det7_495V_drift_700V__mx17_7,A,,Ar/Iso 95/5,495,700,6,8,702,2,285,1,0,1,calib_bundle_lp,/eos/experiment/ntof/data/x17/cosmic_bench/june_tests/mx17_det6_det7_overnight_6-26-26
det6_det7,mx17_det6_det7_overnight_6-26-26,resist_det6_525V_det7_500V_drift_700V,mx17_6,c26__mx17_det6_det7_overnight_6-26-26__resist_det6_525V_det7_500V_drift_700V__mx17_6,C,resist 525 V != bundle 495 V,Ar/Iso 95/5,525,700,3,4,232,2,285,1,0,1,calib_bundle_lp,/eos/experiment/ntof/data/x17/cosmic_bench/june_tests/mx17_det6_det7_overnight_6-26-26
det6_det7,mx17_det6_det7_overnight_6-26-26,resist_det6_525V_det7_500V_drift_700V,mx17_7,c26__mx17_det6_det7_overnight_6-26-26__resist_det6_525V_det7_500V_drift_700V__mx17_7,C,resist 500 V != bundle 495 V,Ar/Iso 95/5,500,700,6,8,702,2,290,1,0,1,calib_bundle_lp,/eos/experiment/ntof/data/x17/cosmic_bench/june_tests/mx17_det6_det7_overnight_6-26-26
det6_det7,mx17_det6_det7_overnight_6-26-26,resist_det6_530V_det7_505V_drift_700V,mx17_6,c26__mx17_det6_det7_overnight_6-26-26__resist_det6_530V_det7_505V_drift_700V__mx17_6,C,resist 530 V != bundle 495 V,Ar/Iso 95/5,530,700,3,4,232,2,270,1,0,1,calib_bundle_lp,/eos/experiment/ntof/data/x17/cosmic_bench/june_tests/mx17_det6_det7_overnight_6-26-26
det6_det7,mx17_det6_det7_overnight_6-26-26,resist_det6_530V_det7_505V_drift_700V,mx17_7,c26__mx17_det6_det7_overnight_6-26-26__resist_det6_530V_det7_505V_drift_700V__mx17_7,C,resist 505 V != bundle 495 V,Ar/Iso 95/5,505,700,6,8,702,2,283,1,0,1,calib_bundle_lp,/eos/experiment/ntof/data/x17/cosmic_bench/june_tests/mx17_det6_det7_overnight_6-26-26
det6_det7,mx17_det6_det7_overnight_6-26-26,short_run,mx17_6,c26__mx17_det6_det7_overnight_6-26-26__short_run__mx17_6,A,,Ar/Iso 95/5,495,700,3,4,232,3,738,1,0,1,calib_bundle_lp,/eos/experiment/ntof/data/x17/cosmic_bench/june_tests/mx17_det6_det7_overnight_6-26-26
det6_det7,mx17_det6_det7_overnight_6-26-26,short_run,mx17_7,c26__mx17_det6_det7_overnight_6-26-26__short_run__mx17_7,A,,Ar/Iso 95/5,495,700,6,8,702,4,857,1,0,1,calib_bundle_lp,/eos/experiment/ntof/data/x17/cosmic_bench/june_tests/mx17_det6_det7_overnight_6-26-26
det_1,mx17_det0_He_HV_Scan_4-1-26,final_resist_505V_drift_800V,mx17_1,c26__mx17_det0_He_HV_Scan_4-1-26__final_resist_505V_drift_800V__mx17_1,C,pre-June run,Helium/Ethane 96.5/3.5,505,800,3,4,702,2,144,1,0,1,,/eos/experiment/ntof/data/x17/cosmic_bench/det_0_old/mx17_det0_He_HV_Scan_4-1-26
det_1,mx17_det0_He_HV_Scan_4-1-26,resist_420V_drift_800V,mx17_1,c26__mx17_det0_He_HV_Scan_4-1-26__resist_420V_drift_800V__mx17_1,C,pre-June run,Helium/Ethane 96.5/3.5,420,800,3,4,702,2,825,1,0,1,,/eos/experiment/ntof/data/x17/cosmic_bench/det_0_old/mx17_det0_He_HV_Scan_4-1-26
det_1,mx17_det0_He_HV_Scan_4-1-26,resist_430V_drift_800V,mx17_1,c26__mx17_det0_He_HV_Scan_4-1-26__resist_430V_drift_800V__mx17_1,C,pre-June run,Helium/Ethane 96.5/3.5,430,800,3,4,702,2,827,1,0,1,,/eos/experiment/ntof/data/x17/cosmic_bench/det_0_old/mx17_det0_He_HV_Scan_4-1-26
det_1,mx17_det0_He_HV_Scan_4-1-26,resist_440V_drift_800V,mx17_1,c26__mx17_det0_He_HV_Scan_4-1-26__resist_440V_drift_800V__mx17_1,C,pre-June run,Helium/Ethane 96.5/3.5,440,800,3,4,702,2,833,1,0,1,,/eos/experiment/ntof/data/x17/cosmic_bench/det_0_old/mx17_det0_He_HV_Scan_4-1-26
det_1,mx17_det0_He_HV_Scan_4-1-26,resist_450V_drift_800V,mx17_1,c26__mx17_det0_He_HV_Scan_4-1-26__resist_450V_drift_800V__mx17_1,C,pre-June run,Helium/Ethane 96.5/3.5,450,800,3,4,702,2,823,1,0,1,,/eos/experiment/ntof/data/x17/cosmic_bench/det_0_old/mx17_det0_He_HV_Scan_4-1-26
det_1,mx17_det0_He_HV_Scan_4-1-26,resist_460V_drift_800V,mx17_1,c26__mx17_det0_He_HV_Scan_4-1-26__resist_460V_drift_800V__mx17_1,C,pre-June run,Helium/Ethane 96.5/3.5,460,800,3,4,702,2,828,1,0,1,,/eos/experiment/ntof/data/x17/cosmic_bench/det_0_old/mx17_det0_He_HV_Scan_4-1-26
det_1,mx17_det0_He_HV_Scan_4-1-26,resist_470V_drift_800V,mx17_1,c26__mx17_det0_He_HV_Scan_4-1-26__resist_470V_drift_800V__mx17_1,C,pre-June run,Helium/Ethane 96.5/3.5,470,800,3,4,702,2,833,1,0,1,,/eos/experiment/ntof/data/x17/cosmic_bench/det_0_old/mx17_det0_He_HV_Scan_4-1-26
det_1,mx17_det0_He_HV_Scan_4-1-26,resist_480V_drift_800V,mx17_1,c26__mx17_det0_He_HV_Scan_4-1-26__resist_480V_drift_800V__mx17_1,C,pre-June run,Helium/Ethane 96.5/3.5,480,800,3,4,702,2,814,1,0,1,,/eos/experiment/ntof/data/x17/cosmic_bench/det_0_old/mx17_det0_He_HV_Scan_4-1-26
det_1,mx17_det0_He_HV_Scan_4-1-26,resist_485V_drift_800V,mx17_1,c26__mx17_det0_He_HV_Scan_4-1-26__resist_485V_drift_800V__mx17_1,C,pre-June run,Helium/Ethane 96.5/3.5,485,800,3,4,702,2,823,1,0,1,,/eos/experiment/ntof/data/x17/cosmic_bench/det_0_old/mx17_det0_He_HV_Scan_4-1-26
det_1,mx17_det0_He_HV_Scan_4-1-26,resist_490V_drift_800V,mx17_1,c26__mx17_det0_He_HV_Scan_4-1-26__resist_490V_drift_800V__mx17_1,C,pre-June run,Helium/Ethane 96.5/3.5,490,800,3,4,702,2,820,1,0,1,,/eos/experiment/ntof/data/x17/cosmic_bench/det_0_old/mx17_det0_He_HV_Scan_4-1-26
det_1,mx17_det0_He_HV_Scan_4-1-26,resist_495V_drift_800V,mx17_1,c26__mx17_det0_He_HV_Scan_4-1-26__resist_495V_drift_800V__mx17_1,C,pre-June run,Helium/Ethane 96.5/3.5,495,800,3,4,702,2,829,1,0,1,,/eos/experiment/ntof/data/x17/cosmic_bench/det_0_old/mx17_det0_He_HV_Scan_4-1-26
det_1,mx17_det0_He_HV_Scan_4-1-26,resist_500V_drift_800V,mx17_1,c26__mx17_det0_He_HV_Scan_4-1-26__resist_500V_drift_800V__mx17_1,C,pre-June run,Helium/Ethane 96.5/3.5,500,800,3,4,702,2,839,1,0,1,,/eos/experiment/ntof/data/x17/cosmic_bench/det_0_old/mx17_det0_He_HV_Scan_4-1-26
det_1,mx17_det0_He_HV_Scan_4-1-26,resist_505V_drift_800V,mx17_1,c26__mx17_det0_He_HV_Scan_4-1-26__resist_505V_drift_800V__mx17_1,C,pre-June run,Helium/Ethane 96.5/3.5,505,800,3,4,702,4,1680,1,0,1,,/eos/experiment/ntof/data/x17/cosmic_bench/det_0_old/mx17_det0_He_HV_Scan_4-1-26
det_1,mx17_det0_He_HV_Scan_4-1-26,resist_510V_drift_800V,mx17_1,c26__mx17_det0_He_HV_Scan_4-1-26__resist_510V_drift_800V__mx17_1,C,pre-June run,Helium/Ethane 96.5/3.5,510,800,3,4,702,2,843,1,0,1,,/eos/experiment/ntof/data/x17/cosmic_bench/det_0_old/mx17_det0_He_HV_Scan_4-1-26
det_1,mx17_det0_He_HV_Scan_4-1-26,resist_515V_drift_800V,mx17_1,c26__mx17_det0_He_HV_Scan_4-1-26__resist_515V_drift_800V__mx17_1,C,pre-June run,Helium/Ethane 96.5/3.5,515,800,3,4,702,2,828,1,0,1,,/eos/experiment/ntof/data/x17/cosmic_bench/det_0_old/mx17_det0_He_HV_Scan_4-1-26
det_1,mx17_det0_He_HV_Scan_4-1-26,resist_520V_drift_800V,mx17_1,c26__mx17_det0_He_HV_Scan_4-1-26__resist_520V_drift_800V__mx17_1,C,pre-June run,Helium/Ethane 96.5/3.5,520,800,3,4,702,2,824,1,0,1,,/eos/experiment/ntof/data/x17/cosmic_bench/det_0_old/mx17_det0_He_HV_Scan_4-1-26
det_1,mx17_det0_He_HV_Scan_4-1-26,resist_525V_drift_800V,mx17_1,c26__mx17_det0_He_HV_Scan_4-1-26__resist_525V_drift_800V__mx17_1,C,pre-June run,Helium/Ethane 96.5/3.5,525,800,3,4,702,2,825,1,0,1,,/eos/experiment/ntof/data/x17/cosmic_bench/det_0_old/mx17_det0_He_HV_Scan_4-1-26
det_1,mx17_det1_1-27-26,resist_scan_440V,?,,C,no run_config.json,,,,,,,2,0,0,0,1,,/eos/experiment/ntof/data/x17/cosmic_bench/det_0_old/mx17_det1_1-27-26
det_1,mx17_det1_1-27-26,resist_scan_450V,?,,C,no run_config.json,,,,,,,2,0,0,0,1,,/eos/experiment/ntof/data/x17/cosmic_bench/det_0_old/mx17_det1_1-27-26
det_1,mx17_det1_1-27-26,resist_scan_460V,?,,C,no run_config.json,,,,,,,2,0,0,0,1,,/eos/experiment/ntof/data/x17/cosmic_bench/det_0_old/mx17_det1_1-27-26
det_1,mx17_det1_1-27-26,resist_scan_470V,?,,C,no run_config.json,,,,,,,2,0,0,0,1,,/eos/experiment/ntof/data/x17/cosmic_bench/det_0_old/mx17_det1_1-27-26
det_1,mx17_det1_1-27-26,resist_scan_480V,?,,C,no run_config.json,,,,,,,2,0,0,0,1,,/eos/experiment/ntof/data/x17/cosmic_bench/det_0_old/mx17_det1_1-27-26
det_1,mx17_det1_daytime_run_1-28-26,overnight_run,mx17_1,c26__mx17_det1_daytime_run_1-28-26__overnight_run__mx17_1,C,pre-June run,Ar/Iso 95/5,465,600,4,6,411,10,3387,1,0,1,,/eos/experiment/ntof/data/x17/cosmic_bench/det_0_old/mx17_det1_daytime_run_1-28-26
det_3,mx17_det3_ArIso_Test_6-16-26,run,mx17_1,c26__mx17_det3_ArIso_Test_6-16-26__run__mx17_1,C,no frozen bundle for this detector,Ar/Iso 95/5,500,900,7,8,702,4,314,1,0,1,,/eos/experiment/ntof/data/x17/cosmic_bench/det_3_old/mx17_det3_ArIso_Test_6-16-26
det_3,mx17_det3_HV_Scan_5-5-26,resist_460V_drift_900V,mx17_1,c26__mx17_det3_HV_Scan_5-5-26__resist_460V_drift_900V__mx17_1,C,pre-June run,Ar/Iso 95/5,460,900,3,4,232,2,298,1,0,1,,/eos/experiment/ntof/data/x17/cosmic_bench/det_3_old/mx17_det3_HV_Scan_5-5-26
det_3,mx17_det3_HV_Scan_5-5-26,resist_470V_drift_900V,mx17_1,c26__mx17_det3_HV_Scan_5-5-26__resist_470V_drift_900V__mx17_1,C,pre-June run,Ar/Iso 95/5,470,900,3,4,232,4,1282,1,0,1,,/eos/experiment/ntof/data/x17/cosmic_bench/det_3_old/mx17_det3_HV_Scan_5-5-26
det_3,mx17_det3_HV_Scan_5-5-26,resist_480V_drift_900V,mx17_1,c26__mx17_det3_HV_Scan_5-5-26__resist_480V_drift_900V__mx17_1,C,pre-June run,Ar/Iso 95/5,480,900,3,4,232,4,1280,1,0,1,,/eos/experiment/ntof/data/x17/cosmic_bench/det_3_old/mx17_det3_HV_Scan_5-5-26
det_3,mx17_det3_HV_Scan_5-5-26,resist_490V_drift_900V,mx17_1,c26__mx17_det3_HV_Scan_5-5-26__resist_490V_drift_900V__mx17_1,C,pre-June run,Ar/Iso 95/5,490,900,3,4,232,4,1267,1,0,1,,/eos/experiment/ntof/data/x17/cosmic_bench/det_3_old/mx17_det3_HV_Scan_5-5-26
det_3,mx17_det3_HV_Scan_5-5-26,resist_500V_drift_900V,mx17_1,c26__mx17_det3_HV_Scan_5-5-26__resist_500V_drift_900V__mx17_1,C,pre-June run,Ar/Iso 95/5,500,900,3,4,232,4,1281,1,0,1,,/eos/experiment/ntof/data/x17/cosmic_bench/det_3_old/mx17_det3_HV_Scan_5-5-26
det_3,mx17_det3_HV_Scan_5-5-26,resist_510V_drift_900V,mx17_1,c26__mx17_det3_HV_Scan_5-5-26__resist_510V_drift_900V__mx17_1,C,pre-June run,Ar/Iso 95/5,510,900,3,4,232,4,1277,1,0,1,,/eos/experiment/ntof/data/x17/cosmic_bench/det_3_old/mx17_det3_HV_Scan_5-5-26
det_3,mx17_det3_HV_Scan_5-5-26,resist_520V_drift_900V,mx17_1,c26__mx17_det3_HV_Scan_5-5-26__resist_520V_drift_900V__mx17_1,C,pre-June run,Ar/Iso 95/5,520,900,3,4,232,4,1312,1,0,1,,/eos/experiment/ntof/data/x17/cosmic_bench/det_3_old/mx17_det3_HV_Scan_5-5-26
det_3,mx17_det3_HV_Scan_5-5-26,resist_530V_drift_900V,mx17_1,c26__mx17_det3_HV_Scan_5-5-26__resist_530V_drift_900V__mx17_1,C,pre-June run,Ar/Iso 95/5,530,900,3,4,232,4,1322,1,0,1,,/eos/experiment/ntof/data/x17/cosmic_bench/det_3_old/mx17_det3_HV_Scan_5-5-26
det_3,mx17_det3_long_run_5-6-26,long_run,mx17_1,c26__mx17_det3_long_run_5-6-26__long_run__mx17_1,C,pre-June run,Ar/Iso 95/5,510,900,3,4,232,10,4640,1,0,1,,/eos/experiment/ntof/data/x17/cosmic_bench/det_3_old/mx17_det3_long_run_5-6-26
det_3,mx17_det3_test_6-22-26,short_run,mx17_3,c26__mx17_det3_test_6-22-26__short_run__mx17_3,C,resist 500 V != bundle 490 V,Ar/Iso 95/5,500,1000,3,4,232,4,835,1,0,1,calib_bundle_lp2_t0p,/eos/experiment/ntof/data/x17/cosmic_bench/june_tests/mx17_det3_test_6-22-26
det_3,zs_compression_scan_4_6-6-26,initial_run,mx17_1,c26__zs_compression_scan_4_6-6-26__initial_run__mx17_1,C,no frozen bundle for this detector,Ar/Iso 95/5,500,900,3,4,232,14,6575,1,0,1,,/eos/experiment/ntof/data/x17/cosmic_bench/det_3_old/zs_compression_scan_4_6-6-26
det_4,mx17_det4_ArIso_HV_Scan_5-7-26,resist_440V_drift_900V,mx17_1,c26__mx17_det4_ArIso_HV_Scan_5-7-26__resist_440V_drift_900V__mx17_1,C,pre-June run,Ar/CF4 90/10,440,900,3,4,232,2,619,1,0,1,,/eos/experiment/ntof/data/x17/cosmic_bench/det_4_old/mx17_det4_ArIso_HV_Scan_5-7-26
det_4,mx17_det4_ArIso_HV_Scan_5-7-26,resist_450V_drift_900V,mx17_1,c26__mx17_det4_ArIso_HV_Scan_5-7-26__resist_450V_drift_900V__mx17_1,C,pre-June run,Ar/CF4 90/10,450,900,3,4,232,2,615,1,0,1,,/eos/experiment/ntof/data/x17/cosmic_bench/det_4_old/mx17_det4_ArIso_HV_Scan_5-7-26
det_4,mx17_det4_ArIso_HV_Scan_5-7-26,resist_460V_drift_900V,mx17_1,c26__mx17_det4_ArIso_HV_Scan_5-7-26__resist_460V_drift_900V__mx17_1,C,pre-June run,Ar/CF4 90/10,460,900,3,4,232,2,619,1,0,1,,/eos/experiment/ntof/data/x17/cosmic_bench/det_4_old/mx17_det4_ArIso_HV_Scan_5-7-26
det_4,mx17_det4_ArIso_HV_Scan_5-7-26,resist_470V_drift_900V,mx17_1,c26__mx17_det4_ArIso_HV_Scan_5-7-26__resist_470V_drift_900V__mx17_1,C,pre-June run,Ar/CF4 90/10,470,900,3,4,232,2,613,1,0,1,,/eos/experiment/ntof/data/x17/cosmic_bench/det_4_old/mx17_det4_ArIso_HV_Scan_5-7-26
det_4,mx17_det4_ArIso_HV_Scan_5-7-26,resist_480V_drift_900V,mx17_1,c26__mx17_det4_ArIso_HV_Scan_5-7-26__resist_480V_drift_900V__mx17_1,C,pre-June run,Ar/CF4 90/10,480,900,3,4,232,2,626,1,0,1,,/eos/experiment/ntof/data/x17/cosmic_bench/det_4_old/mx17_det4_ArIso_HV_Scan_5-7-26
det_4,mx17_det4_ArIso_HV_Scan_5-7-26,resist_490V_drift_900V,mx17_1,c26__mx17_det4_ArIso_HV_Scan_5-7-26__resist_490V_drift_900V__mx17_1,C,pre-June run,Ar/CF4 90/10,490,900,3,4,232,2,617,1,0,1,,/eos/experiment/ntof/data/x17/cosmic_bench/det_4_old/mx17_det4_ArIso_HV_Scan_5-7-26
det_4,mx17_det4_ArIso_HV_Scan_5-7-26,resist_500V_drift_900V,mx17_1,c26__mx17_det4_ArIso_HV_Scan_5-7-26__resist_500V_drift_900V__mx17_1,C,pre-June run,Ar/CF4 90/10,500,900,3,4,232,2,629,1,0,1,,/eos/experiment/ntof/data/x17/cosmic_bench/det_4_old/mx17_det4_ArIso_HV_Scan_5-7-26
det_4,mx17_det4_ArIso_HV_Scan_5-7-26,resist_510V_drift_900V,mx17_1,c26__mx17_det4_ArIso_HV_Scan_5-7-26__resist_510V_drift_900V__mx17_1,C,pre-June run,Ar/CF4 90/10,510,900,3,4,232,12,5427,1,0,1,,/eos/experiment/ntof/data/x17/cosmic_bench/det_4_old/mx17_det4_ArIso_HV_Scan_5-7-26
det_4,mx17_det4_ArIso_HV_Scan_5-7-26,resist_520V_drift_900V,mx17_1,c26__mx17_det4_ArIso_HV_Scan_5-7-26__resist_520V_drift_900V__mx17_1,C,pre-June run,Ar/CF4 90/10,520,900,3,4,232,2,635,1,0,1,,/eos/experiment/ntof/data/x17/cosmic_bench/det_4_old/mx17_det4_ArIso_HV_Scan_5-7-26
det_4,mx17_det4_ArIso_HV_Scan_5-7-26,resist_530V_drift_900V,mx17_1,c26__mx17_det4_ArIso_HV_Scan_5-7-26__resist_530V_drift_900V__mx17_1,C,pre-June run,Ar/CF4 90/10,530,900,3,4,232,2,630,1,0,1,,/eos/experiment/ntof/data/x17/cosmic_bench/det_4_old/mx17_det4_ArIso_HV_Scan_5-7-26
