eventId,front_x_mm,front_y_mm,back_x_mm,back_y_mm,z_front_mm,z_back_mm
331855,94.9598,20.6504,91.0848,18.3846,0.0,1370.0
691589,30.9697,59.2362,29.4032,56.8232,0.0,1370.0
805082,77.6630,49.5330,76.8174,47.1404,0.0,1370.0
1296957,62.5180,43.6811,4.3085,60.4238,0.0,1370.0
38313,86.2246,67.1712,84.9504,65.7376,0.0,1370.0
742427,72.4047,91.6793,54.3168,79.6278,0.0,1370.0
863724,81.0509,56.6076,80.1828,54.9919,0.0,1370.0
1020988,83.5798,24.4102,80.4310,21.7241,0.0,1370.0
698196,97.6121,66.4395,96.0237,66.1313,0.0,1370.0
567845,80.4794,37.7749,79.5852,34.7358,0.0,1370.0
1281528,35.3796,26.2151,33.5981,22.6428,0.0,1370.0
484918,80.8814,47.1902,80.2258,45.3096,0.0,1370.0
915378,67.2649,55.3638,66.0790,54.2801,0.0,1370.0
274600,92.3579,19.6072,91.4353,16.9058,0.0,1370.0
180234,56.5762,57.4403,55.5419,55.8607,0.0,1370.0
241282,77.2685,60.7084,76.2984,58.8481,0.0,1370.0
867652,80.4490,41.3005,75.7474,42.4191,0.0,1370.0
712478,55.1595,41.7830,55.1916,40.3023,0.0,1370.0
585876,72.2332,58.3374,70.5416,57.5786,0.0,1370.0
1523891,68.0622,84.6732,88.1064,57.7120,0.0,1370.0
1112009,44.3686,90.5285,43.3663,90.2582,0.0,1370.0
1337914,42.7026,28.5842,39.3497,75.7054,0.0,1370.0
644516,98.9295,53.5858,98.2072,51.1425,0.0,1370.0
182995,74.5201,94.7937,74.7191,93.1210,0.0,1370.0
1476627,45.7001,82.2023,44.4673,81.8589,0.0,1370.0
1504179,78.6016,26.8078,77.5345,22.6630,0.0,1370.0
139912,57.8099,85.9260,60.7444,82.1168,0.0,1370.0
1575336,41.9778,60.5183,40.6630,59.8668,0.0,1370.0
1564991,54.3104,33.6489,52.6061,30.8095,0.0,1370.0
884294,80.8062,36.2222,79.9415,33.2969,0.0,1370.0
1152854,41.5914,23.8283,41.5683,20.6621,0.0,1370.0
519582,94.4861,71.9931,93.5639,70.6432,0.0,1370.0
1038168,75.0077,67.8351,60.2512,58.4922,0.0,1370.0
1109309,75.8705,31.6194,71.7001,28.3159,0.0,1370.0
216555,41.9847,50.2379,44.8817,47.7329,0.0,1370.0
843528,57.3914,52.4020,56.6771,50.2916,0.0,1370.0
918595,83.5937,91.5143,74.2097,54.4775,0.0,1370.0
1222373,67.4356,16.7434,67.0751,13.7740,0.0,1370.0
575935,78.4550,34.5939,77.6206,32.3259,0.0,1370.0
957072,75.5643,17.4434,73.9904,14.3102,0.0,1370.0
836502,27.3689,49.6027,85.0625,68.6619,0.0,1370.0
1335419,72.9968,22.1567,71.7658,18.7777,0.0,1370.0
1199208,72.9973,18.3375,71.6673,14.4115,0.0,1370.0
1286134,45.7115,88.6350,44.4269,88.4700,0.0,1370.0
992268,71.8429,27.7296,68.4357,27.2166,0.0,1370.0
1420208,80.4939,18.6357,79.9448,14.7142,0.0,1370.0
1488137,92.5645,26.3931,91.1523,23.1591,0.0,1370.0
666087,80.9580,98.3259,79.2041,97.9956,0.0,1370.0
476660,67.5691,42.3257,66.5163,39.8392,0.0,1370.0
1189042,79.2037,77.9980,77.1502,78.4186,0.0,1370.0
322455,73.3069,73.2330,73.4440,70.9438,0.0,1370.0
1593691,65.5966,21.1769,64.6299,17.8354,0.0,1370.0
1595364,81.8383,21.5590,81.0965,18.0594,0.0,1370.0
438465,71.7170,90.7954,70.4232,90.2900,0.0,1370.0
31950,55.3098,106.1230,6.0835,26.4221,0.0,1370.0
274503,26.8462,32.2506,26.5512,28.0259,0.0,1370.0
1218162,62.1860,23.7515,61.9294,20.6611,0.0,1370.0
1331020,90.2141,36.4910,89.6813,33.4749,0.0,1370.0
718092,94.5542,23.4488,93.3493,20.3254,0.0,1370.0
428963,61.4644,90.5051,62.3934,82.8348,0.0,1370.0
200529,66.6405,63.8213,65.7030,60.7655,0.0,1370.0
1481819,61.7078,34.8357,61.6529,31.4245,0.0,1370.0
1058383,70.6690,114.2903,52.5127,96.8109,0.0,1370.0
485782,77.0319,41.1969,75.0151,37.9479,0.0,1370.0
1213325,46.2039,26.6433,46.5168,22.1919,0.0,1370.0
1290847,67.0718,23.8988,66.5709,21.4096,0.0,1370.0
829837,93.6913,49.5927,92.6435,47.5291,0.0,1370.0
1261113,21.3268,60.6311,20.6691,59.6220,0.0,1370.0
1142283,45.1882,31.2677,44.3744,28.2494,0.0,1370.0
1259474,66.8942,47.4921,65.4911,51.5691,0.0,1370.0
651624,71.7163,23.2864,70.7655,20.6404,0.0,1370.0
1136610,46.4653,81.6329,45.2211,80.4508,0.0,1370.0
30103,27.5390,115.4988,5.6724,50.6876,0.0,1370.0
1020122,56.3714,19.1061,55.2813,15.9748,0.0,1370.0
971362,68.0399,63.3730,65.6139,62.5094,0.0,1370.0
1274334,91.7606,36.6810,55.0759,22.7403,0.0,1370.0
1340971,70.7893,24.2570,72.0616,21.7146,0.0,1370.0
1013239,68.6862,18.5298,69.1458,16.0846,0.0,1370.0
741215,72.2646,49.6089,66.9310,47.6870,0.0,1370.0
1197457,85.5525,23.8405,86.0172,21.1810,0.0,1370.0
1478164,51.7168,48.1132,47.2074,48.5828,0.0,1370.0
578364,72.9867,34.9488,96.7313,19.0479,0.0,1370.0
88204,70.7426,51.5825,66.9654,48.6081,0.0,1370.0
1117615,74.9374,76.7678,71.6227,75.7897,0.0,1370.0
121169,79.9767,28.5173,77.2562,35.6957,0.0,1370.0
1054090,68.2653,16.5315,67.2245,12.3719,0.0,1370.0
1232486,46.9191,48.2265,46.9790,49.7414,0.0,1370.0
377908,15.6165,31.7128,91.0261,21.3748,0.0,1370.0
750872,38.4274,88.1101,37.5835,31.1545,0.0,1370.0
611109,85.6421,18.6813,84.5900,15.2745,0.0,1370.0
860604,70.0038,35.1512,68.9441,32.2425,0.0,1370.0
62492,77.6843,90.5381,77.0149,89.7207,0.0,1370.0
224698,73.7008,18.6342,73.3413,15.3402,0.0,1370.0
27263,67.8992,16.8099,66.6393,13.5707,0.0,1370.0
12546,68.7656,34.2457,67.4564,31.3237,0.0,1370.0
283141,55.1957,71.6973,47.6737,66.7888,0.0,1370.0
1566750,15.3487,16.5230,4.7879,4.3224,0.0,1370.0
346433,88.3724,87.1016,78.9261,96.3939,0.0,1370.0
15512,51.0883,41.6611,50.4307,39.1546,0.0,1370.0
623670,84.3964,23.1713,18.6525,75.1571,0.0,1370.0
939679,56.7639,96.1308,56.4462,95.6105,0.0,1370.0
382515,88.7333,23.0044,87.8096,18.9788,0.0,1370.0
811496,56.9042,23.6128,57.5318,19.5827,0.0,1370.0
31788,79.6837,45.6127,78.2176,41.8422,0.0,1370.0
1111111,103.4400,59.6039,10.9981,28.8210,0.0,1370.0
892777,46.9300,72.1860,37.9687,76.0857,0.0,1370.0
1595706,83.5359,51.1352,76.7255,57.1544,0.0,1370.0
195106,26.7942,76.1048,26.4445,74.9348,0.0,1370.0
514640,69.5562,38.3745,69.1193,36.2306,0.0,1370.0
623685,73.6586,41.8163,72.5598,39.3051,0.0,1370.0
1531676,88.3357,79.0010,87.3637,78.1565,0.0,1370.0
864464,57.8593,80.4962,56.8030,80.1366,0.0,1370.0
1282226,93.4065,94.9915,81.9967,81.6585,0.0,1370.0
461,53.8831,41.4513,51.9010,30.6416,0.0,1370.0
702427,66.3266,80.0114,65.4175,78.8499,0.0,1370.0
206999,98.6187,19.7059,97.4997,16.4177,0.0,1370.0
995980,74.2446,18.7403,73.3570,15.8896,0.0,1370.0
1104327,71.9358,71.0876,71.0232,69.8792,0.0,1370.0
1145343,54.2440,28.0279,56.0213,28.3065,0.0,1370.0
1194355,83.4636,31.9992,83.1191,29.2263,0.0,1370.0
515891,92.2963,32.1594,91.2454,28.8079,0.0,1370.0
1556279,80.9143,108.7612,75.4283,91.6325,0.0,1370.0
1206918,86.8187,44.3533,85.6596,41.8213,0.0,1370.0
766460,71.4339,32.1545,71.0987,28.1631,0.0,1370.0
708334,42.6820,81.4435,38.4710,84.1336,0.0,1370.0
777976,93.2249,18.9570,6.4111,97.8833,0.0,1370.0
649767,50.0303,58.4366,47.9144,57.0403,0.0,1370.0
1289718,45.4715,85.9752,48.5195,85.2579,0.0,1370.0
236855,84.5812,19.6822,82.2138,16.6890,0.0,1370.0
1431492,78.6461,44.7746,77.9265,62.0956,0.0,1370.0
1084017,51.0623,75.1241,48.0640,74.2208,0.0,1370.0
140897,42.4553,75.8475,43.3907,74.1633,0.0,1370.0
531120,25.3439,49.1354,25.7798,49.6357,0.0,1370.0
577216,67.0150,31.2669,73.8764,39.5216,0.0,1370.0
1130149,54.4175,106.3717,8.7899,94.4943,0.0,1370.0
1262345,16.7447,59.1924,14.1919,58.1816,0.0,1370.0
732879,98.7785,38.7152,97.1266,35.3680,0.0,1370.0
439619,43.3579,53.1900,39.1231,69.1730,0.0,1370.0
157984,67.3235,62.5953,70.2067,43.2269,0.0,1370.0
629533,85.6511,32.2967,84.8581,29.5171,0.0,1370.0
1528888,80.7114,49.6319,79.9457,47.2367,0.0,1370.0
146279,66.3349,18.6115,65.1842,14.9739,0.0,1370.0
1342397,95.1241,18.1357,94.5407,14.9127,0.0,1370.0
1461023,103.7134,64.3525,85.0848,39.6794,0.0,1370.0
867748,92.8664,33.6497,78.0598,59.3657,0.0,1370.0
907979,31.2769,59.3439,75.5521,11.2974,0.0,1370.0
437347,75.5772,19.9228,74.1740,16.2279,0.0,1370.0
152615,112.0121,17.1402,39.3355,41.8134,0.0,1370.0
1580229,70.4861,57.7974,69.7038,55.9080,0.0,1370.0
1556371,38.3045,46.9863,38.4513,46.0251,0.0,1370.0
467612,76.3734,35.1371,78.2804,34.6683,0.0,1370.0
1372384,83.7157,19.2391,82.7025,15.9790,0.0,1370.0
1566749,56.8188,55.3978,54.5719,53.6036,0.0,1370.0
1413662,82.8860,52.9070,90.3301,55.3273,0.0,1370.0
791782,67.8144,98.9746,69.5515,98.3606,0.0,1370.0
892814,93.8622,92.8896,92.3517,93.4524,0.0,1370.0
1476525,87.5958,25.4719,86.7439,22.2980,0.0,1370.0
1043892,97.3959,16.1538,95.2308,11.9260,0.0,1370.0
837247,112.2632,22.9050,76.1833,2.5320,0.0,1370.0
980341,80.3799,38.8834,79.5385,36.0938,0.0,1370.0
115646,89.3255,22.8480,88.5146,19.6733,0.0,1370.0
751663,81.7388,17.5772,84.2426,15.6140,0.0,1370.0
920514,57.6081,78.3139,56.6486,77.6405,0.0,1370.0
734030,68.8108,67.6175,68.6878,66.7425,0.0,1370.0
1554798,93.2387,60.5322,92.8005,58.8561,0.0,1370.0
1052852,69.2343,19.6714,68.1821,16.4150,0.0,1370.0
1600615,66.5546,20.1142,65.7298,16.4134,0.0,1370.0
1357971,57.7530,89.6289,55.8232,88.5268,0.0,1370.0
590038,87.8335,85.4691,86.8279,84.8816,0.0,1370.0
1561067,46.8687,20.6412,46.1018,17.6431,0.0,1370.0
704777,57.6799,93.1663,81.2464,31.4289,0.0,1370.0
1534077,76.8544,37.8163,70.1212,35.2727,0.0,1370.0
361626,45.8152,37.2128,44.3444,34.6391,0.0,1370.0
705518,57.0127,88.0355,62.9249,90.1169,0.0,1370.0
1283382,76.0262,27.4712,75.3573,25.2958,0.0,1370.0
1238670,49.0347,85.3870,47.1606,84.1163,0.0,1370.0
917040,88.5919,47.5160,87.3331,45.3309,0.0,1370.0
1051373,57.9449,84.3364,56.5965,87.3997,0.0,1370.0
549247,26.6334,52.7666,35.4183,50.9299,0.0,1370.0
876510,27.5928,95.1757,34.8448,81.8131,0.0,1370.0
1119400,52.8067,89.3274,51.8509,88.8725,0.0,1370.0
1266560,69.7882,28.3360,66.8640,27.2889,0.0,1370.0
439883,43.4748,86.2367,54.0085,88.4048,0.0,1370.0
1265644,80.7012,49.2887,79.6933,47.6791,0.0,1370.0
649100,57.4108,74.5348,69.1399,99.4477,0.0,1370.0
1124528,92.6999,48.7261,91.8479,47.1617,0.0,1370.0
1355371,56.9195,81.8943,54.2289,86.1277,0.0,1370.0
747614,56.0619,83.4010,52.4772,80.6058,0.0,1370.0
869664,91.7212,51.3270,90.6276,49.3821,0.0,1370.0
265788,64.5411,36.6960,67.0785,29.6801,0.0,1370.0
1163205,86.4014,32.4048,84.4362,29.1378,0.0,1370.0
1395764,74.4497,54.7781,55.9704,28.6644,0.0,1370.0
490955,71.0031,28.8445,70.1787,25.7092,0.0,1370.0
1507980,49.8898,100.5948,48.9502,98.4775,0.0,1370.0
130473,81.5946,42.5277,79.8158,40.2337,0.0,1370.0
815739,66.3657,93.5867,65.2317,93.3769,0.0,1370.0
693268,77.6651,60.7596,78.1370,59.0023,0.0,1370.0
1317339,81.5194,17.4517,80.6803,13.9965,0.0,1370.0
314198,52.8592,21.5188,53.4967,12.9117,0.0,1370.0
217500,40.4469,85.1404,37.8934,86.1515,0.0,1370.0
1137863,87.9633,33.8648,38.7481,68.0991,0.0,1370.0
1309394,64.5607,89.3835,64.5495,87.9472,0.0,1370.0
1017642,76.8009,21.7580,75.7331,19.1322,0.0,1370.0
464507,74.2457,55.8072,50.2265,27.4156,0.0,1370.0
1353700,66.2309,32.2088,65.1515,29.1791,0.0,1370.0
30059,110.8936,52.6397,72.5975,8.1029,0.0,1370.0
649706,44.5792,16.5168,43.2146,13.1863,0.0,1370.0
882341,66.7581,57.3431,0.8345,74.5635,0.0,1370.0
1590229,83.5783,54.6036,78.7731,52.8363,0.0,1370.0
1564853,93.6234,78.0379,55.1249,86.9330,0.0,1370.0
1013442,57.8418,85.3201,57.0007,84.4045,0.0,1370.0
1302759,51.7780,62.8378,51.4721,61.3749,0.0,1370.0
1074587,85.3900,19.0291,88.5753,11.7450,0.0,1370.0
229379,65.8409,74.6462,64.5148,73.6006,0.0,1370.0
98512,30.5591,51.2468,10.3647,58.8622,0.0,1370.0
596287,78.9475,34.6755,77.7087,31.7843,0.0,1370.0
788540,18.8709,0.0000,65.1160,48.8502,0.0,1370.0
983181,77.6688,51.8818,77.4336,48.8525,0.0,1370.0
1311558,90.9960,59.1135,90.6013,57.7106,0.0,1370.0
682961,84.7068,23.7136,89.1058,36.9772,0.0,1370.0
964042,73.9747,62.7406,73.1345,61.8054,0.0,1370.0
1081411,91.7685,17.5858,90.2116,14.3327,0.0,1370.0
1132836,72.9361,32.5102,59.5529,21.3602,0.0,1370.0
1340286,51.1356,61.4921,50.3613,58.4109,0.0,1370.0
941657,98.5310,51.9025,97.9079,50.8647,0.0,1370.0
320797,53.3462,83.4431,51.9402,82.4933,0.0,1370.0
853158,29.9075,18.5543,28.3208,15.2798,0.0,1370.0
914766,77.1820,44.9090,75.6394,42.8145,0.0,1370.0
672906,75.8731,17.1672,74.3839,13.5872,0.0,1370.0
1015088,66.4087,31.4737,65.5487,28.4825,0.0,1370.0
411498,86.5091,64.1528,83.6741,62.7310,0.0,1370.0
971607,52.8294,49.3548,52.3585,47.0542,0.0,1370.0
942413,68.6971,85.8126,65.9526,84.9625,0.0,1370.0
883779,69.3198,85.3643,68.6075,84.6489,0.0,1370.0
1483508,95.0654,17.7581,94.7329,14.3252,0.0,1370.0
969250,61.1808,85.0003,58.3384,84.9927,0.0,1370.0
1406162,89.5971,91.9045,89.4278,94.2809,0.0,1370.0
1201814,74.3589,70.1571,72.6601,69.6817,0.0,1370.0
781859,51.7175,72.4203,47.4824,73.9802,0.0,1370.0
210733,66.0145,87.8205,66.7026,89.0251,0.0,1370.0
731071,52.4564,23.6840,47.1231,19.3282,0.0,1370.0
447498,40.1999,19.4018,38.2011,16.4983,0.0,1370.0
1392861,25.7509,28.2544,26.8945,26.7879,0.0,1370.0
95193,72.5900,33.7399,72.0954,32.1214,0.0,1370.0
605526,71.4654,56.8344,70.9833,54.9677,0.0,1370.0
1168574,100.9108,22.1360,6.2491,8.2225,0.0,1370.0
856228,81.9772,61.1447,80.6980,59.4690,0.0,1370.0
655779,90.2771,75.4999,89.1177,74.6640,0.0,1370.0
496720,84.8025,32.1237,83.5415,29.8160,0.0,1370.0
146887,89.2830,20.5368,87.2299,15.8405,0.0,1370.0
357208,85.4514,53.2691,84.9400,51.6983,0.0,1370.0
484368,76.9814,94.0372,71.9041,80.8212,0.0,1370.0
59690,74.3259,26.3115,72.7729,23.5378,0.0,1370.0
423100,25.8554,86.1826,76.2644,18.0948,0.0,1370.0
607137,85.4832,50.7492,85.2038,49.1902,0.0,1370.0
1462263,80.3442,22.8026,79.8472,19.1827,0.0,1370.0
1590012,80.6253,63.1006,79.9057,62.2696,0.0,1370.0
353900,65.9598,27.4774,65.8656,24.7298,0.0,1370.0
1290790,92.7705,49.6408,92.4090,47.7304,0.0,1370.0
1534145,88.6681,64.8719,87.7035,62.6727,0.0,1370.0
1178279,73.0065,44.4207,70.9427,36.2814,0.0,1370.0
906974,72.9147,53.0018,73.0153,51.5721,0.0,1370.0
553148,68.6132,55.2034,60.6124,48.5852,0.0,1370.0
636111,76.6321,26.2870,75.9505,23.6662,0.0,1370.0
1148467,70.2638,74.7055,68.5240,74.6842,0.0,1370.0
1037480,78.9118,32.5092,77.0697,29.8211,0.0,1370.0
956970,27.7708,36.2096,8.5224,27.8103,0.0,1370.0
107250,66.6135,84.8009,65.5606,84.0604,0.0,1370.0
769432,32.3440,89.8225,48.8178,68.0116,0.0,1370.0
1434767,73.1132,26.0535,72.2681,23.1398,0.0,1370.0
423678,40.3139,42.1866,23.9085,45.1967,0.0,1370.0
384455,16.6300,47.6543,95.9495,98.8086,0.0,1370.0
1325068,88.1201,28.5520,87.3551,25.2933,0.0,1370.0
122623,43.4622,81.3412,48.6401,82.4170,0.0,1370.0
1176544,84.2255,19.7742,81.1075,5.8743,0.0,1370.0
6278,93.5792,49.1815,94.1578,47.0336,0.0,1370.0
809042,74.5079,18.0213,73.8282,16.1950,0.0,1370.0
509644,51.0650,43.6899,51.2426,41.5839,0.0,1370.0
256460,51.3183,51.4932,50.3106,49.6954,0.0,1370.0
650832,68.4840,27.6581,66.5010,24.1160,0.0,1370.0
214030,84.7370,33.7080,83.3359,31.2951,0.0,1370.0
1239495,67.9949,72.1828,67.1809,70.5436,0.0,1370.0
721414,78.4961,46.1670,77.9288,43.9953,0.0,1370.0
532916,71.3516,22.4193,68.6037,32.4597,0.0,1370.0
1284154,71.3513,21.5446,68.8910,17.4510,0.0,1370.0
332023,88.7411,37.2012,82.8450,42.9214,0.0,1370.0
266448,86.5144,21.7213,86.2612,18.8059,0.0,1370.0
250486,97.2240,63.8014,96.2995,62.3699,0.0,1370.0
1404674,56.5139,68.5737,54.9196,67.6526,0.0,1370.0
1553916,25.4235,35.0056,21.4319,30.7511,0.0,1370.0
191032,68.7353,66.3619,67.8933,64.5623,0.0,1370.0
254183,93.7351,17.1962,88.5215,18.1964,0.0,1370.0
634620,81.9100,26.8305,80.9116,24.2262,0.0,1370.0
907335,72.7652,68.1737,71.7659,65.4480,0.0,1370.0
837722,99.0058,42.9803,98.2715,41.1375,0.0,1370.0
808629,94.3686,51.0853,96.6166,34.0676,0.0,1370.0
1515769,67.4377,62.7486,65.7560,61.0262,0.0,1370.0
90808,101.6109,81.5127,99.2772,80.6961,0.0,1370.0
861621,72.8299,17.4869,73.0426,3.7607,0.0,1370.0
1089768,64.4049,79.0996,59.5471,80.0132,0.0,1370.0
427821,74.5228,64.1801,73.0801,62.5490,0.0,1370.0
684103,15.9214,37.8575,14.2245,33.0691,0.0,1370.0
292579,29.8370,75.6946,27.8135,76.1248,0.0,1370.0
625207,69.7114,28.1359,69.1139,25.1388,0.0,1370.0
1492896,88.5876,45.0960,87.5653,43.1667,0.0,1370.0
486695,56.1721,54.5541,55.1229,52.9599,0.0,1370.0
8768,16.8742,67.8725,5.0383,56.6603,0.0,1370.0
332683,82.4058,49.8306,77.2242,50.0415,0.0,1370.0
518668,70.5266,42.6276,69.4430,39.9795,0.0,1370.0
14139,74.6423,74.0732,73.6016,73.1961,0.0,1370.0
629083,49.8610,59.1593,48.5408,57.2535,0.0,1370.0
415777,40.6118,63.7595,37.1799,61.3513,0.0,1370.0
684164,85.6959,21.0428,81.9448,22.0098,0.0,1370.0
577284,69.3153,25.3238,67.9400,21.7463,0.0,1370.0
1029243,85.8498,23.2609,87.5239,20.9298,0.0,1370.0
1257050,29.2355,83.3415,28.0012,81.9918,0.0,1370.0
773686,76.2317,52.2580,74.9337,50.2289,0.0,1370.0
1235959,66.6622,67.2001,65.9569,65.8432,0.0,1370.0
1511879,65.8758,33.5739,65.1239,31.1275,0.0,1370.0
325656,51.9320,47.8445,50.7920,44.9957,0.0,1370.0
643008,69.3527,46.0001,68.4903,43.7744,0.0,1370.0
576041,92.9090,69.7779,92.1597,67.9670,0.0,1370.0
665519,57.7524,89.6179,56.7765,88.7390,0.0,1370.0
17725,52.4798,52.5087,50.2168,50.2777,0.0,1370.0
154511,71.5413,86.8542,71.2041,86.8293,0.0,1370.0
1585931,52.7338,35.4680,51.4848,33.1279,0.0,1370.0
369364,83.4942,70.0034,83.0206,68.2690,0.0,1370.0
537461,73.9028,17.1961,73.1506,13.8254,0.0,1370.0
1324983,92.7536,28.6624,91.8621,26.3936,0.0,1370.0
611174,65.3345,93.7955,70.0123,82.4107,0.0,1370.0
34370,65.3786,26.3894,55.4268,20.2882,0.0,1370.0
1332917,62.5292,57.4208,61.1712,54.8214,0.0,1370.0
1119338,61.6241,77.0642,59.7889,75.9272,0.0,1370.0
112837,81.9849,53.3989,94.8022,8.6818,0.0,1370.0
1042071,80.8533,44.4417,79.6374,42.2256,0.0,1370.0
281985,81.7143,36.2640,81.6114,33.1987,0.0,1370.0
585467,77.4268,27.9668,75.8430,25.9398,0.0,1370.0
550789,62.6006,41.4894,60.8251,37.9600,0.0,1370.0
470868,67.5788,82.8909,66.1927,81.9329,0.0,1370.0
1385421,85.9920,51.8561,86.1805,50.3941,0.0,1370.0
688573,62.8846,79.2092,63.2818,76.1328,0.0,1370.0
1334283,84.1163,56.9374,93.8580,37.2618,0.0,1370.0
109758,41.7417,56.4629,38.6217,55.0827,0.0,1370.0
777395,86.6853,27.5036,90.0564,44.8162,0.0,1370.0
1030545,72.4976,34.5456,71.5590,31.6259,0.0,1370.0
339319,57.1056,22.3923,54.3651,24.9323,0.0,1370.0
696378,61.5825,64.5309,65.7670,42.9452,0.0,1370.0
656032,69.2384,46.7071,15.3212,12.9905,0.0,1370.0
1109888,73.7834,20.7385,72.5569,19.7519,0.0,1370.0
345278,98.9144,77.2843,98.6630,80.0363,0.0,1370.0
973376,52.3578,60.5429,53.8711,59.4941,0.0,1370.0
327178,81.3711,36.8689,76.7707,37.2148,0.0,1370.0
91536,92.3056,92.3866,91.9936,92.6109,0.0,1370.0
246522,66.4842,44.4405,65.4538,42.1467,0.0,1370.0
484442,92.6680,32.3126,94.4900,32.3806,0.0,1370.0
1213204,56.1446,69.8136,54.5221,68.2617,0.0,1370.0
1283155,98.8124,31.6301,98.2046,28.7306,0.0,1370.0
1515816,29.8189,83.0075,26.8441,78.4327,0.0,1370.0
1427962,85.5028,93.7979,83.8896,93.5943,0.0,1370.0
715924,30.0506,72.6628,28.4631,72.6499,0.0,1370.0
208610,53.4781,87.8175,52.7445,87.3798,0.0,1370.0
1496717,73.4065,25.6742,73.3564,22.8079,0.0,1370.0
1334939,75.2834,30.9729,71.9820,22.2093,0.0,1370.0
171004,87.5462,26.3032,87.1409,23.3963,0.0,1370.0
423671,88.9785,38.6127,85.9982,36.2768,0.0,1370.0
20345,94.0320,18.7322,93.0145,15.2995,0.0,1370.0
1351169,45.0128,45.5694,52.2855,44.5431,0.0,1370.0
1155589,70.4448,77.4493,69.7985,76.7601,0.0,1370.0
922937,69.5846,62.3544,68.7736,61.2723,0.0,1370.0
1043022,75.3371,27.5598,73.2818,3.3378,0.0,1370.0
219404,68.7156,59.6263,68.3682,57.7867,0.0,1370.0
515431,93.2862,21.4497,91.4741,18.3103,0.0,1370.0
1503397,112.8048,113.1386,98.1385,74.6058,0.0,1370.0
908234,84.8004,42.8969,84.1679,38.7359,0.0,1370.0
212761,43.4083,47.4225,42.8790,43.9496,0.0,1370.0
585027,82.8783,16.4325,81.2409,13.5230,0.0,1370.0
931559,76.6367,28.4350,76.0284,25.3134,0.0,1370.0
1056716,95.9940,16.7130,87.3049,20.5494,0.0,1370.0
1136444,78.6678,50.2440,67.8132,46.4042,0.0,1370.0
940203,53.3240,80.7541,52.5853,80.1719,0.0,1370.0
1568759,57.4591,84.1591,57.3385,84.2017,0.0,1370.0
1113445,76.5009,55.1536,75.1022,53.5818,0.0,1370.0
184156,54.0710,21.9568,53.7598,19.6260,0.0,1370.0
716186,56.4029,88.6351,55.6568,88.0821,0.0,1370.0
191140,65.0160,60.8644,64.9341,59.5769,0.0,1370.0
1086033,81.6127,42.1848,81.0465,40.0715,0.0,1370.0
296271,56.9207,85.1731,56.1631,84.9119,0.0,1370.0
659473,73.9140,47.6562,72.1170,43.1165,0.0,1370.0
1589493,55.4564,42.5082,41.5361,28.1928,0.0,1370.0
1071120,85.2369,70.9503,84.6384,70.0105,0.0,1370.0
1055357,68.3061,20.0384,70.0456,18.4071,0.0,1370.0
204025,80.2890,65.1582,78.2400,60.6944,0.0,1370.0
1142107,40.2151,81.0102,39.3766,81.7396,0.0,1370.0
1229301,87.1373,97.6973,87.1342,97.8223,0.0,1370.0
316247,90.1877,37.1119,88.8550,33.6882,0.0,1370.0
374576,89.6379,22.9004,34.7029,72.4776,0.0,1370.0
1435637,74.4980,46.3870,73.1336,44.4757,0.0,1370.0
477047,71.6375,112.8070,49.9972,27.6363,0.0,1370.0
567871,52.8419,78.3861,52.0586,75.6826,0.0,1370.0
812534,98.4319,43.9359,99.5781,42.5563,0.0,1370.0
