run,state,nbunch,dA,dB,dC,dD,ampA,ampB,ampC,ampD,agree
224264,NO_WAL,2,,,,,,,,,
224265,NO_WAL,3,,,,,,,,,
224266,NO_WAL,2351,,,,,,,,,
224267,NO_WAL,1051,,,,,,,,,
224268,NO_WAL,48,,,,,,,,,
224269,NO_WAL,184,,,,,,,,,
224270,NO_WAL,3065,,,,,,,,,
224271,NO_WAL,3917,,,,,,,,,
224272,NO_WAL,3729,,,,,,,,,
224273,NO_WAL,2933,,,,,,,,,
224274,NO_WAL,2584,,,,,,,,,
224275,NO_WAL,122,,,,,,,,,
224276,NO_WAL,79,,,,,,,,,
224277,NO_WAL,2919,,,,,,,,,
224278,NO_WAL,1430,,,,,,,,,
224279,NO_WAL,3129,,,,,,,,,
224280,NO_WAL,3108,,,,,,,,,
224281,NO_WAL,3390,,,,,,,,,
224282,NO_WAL,3046,,,,,,,,,
224283,NO_WAL,1641,,,,,,,,,
224284,NO_WAL,3619,,,,,,,,,
224285,NO_WAL,1475,,,,,,,,,
224286,NO_WAL,139,,,,,,,,,
224287,NO_WAL,173,,,,,,,,,
224288,NO_WAL,3300,,,,,,,,,
224289,NO_WAL,3482,,,,,,,,,
224290,NO_WAL,3319,,,,,,,,,
224291,NO_WAL,2248,,,,,,,,,
224292,NO_WAL,3242,,,,,,,,,
224293,NO_WAL,3114,,,,,,,,,
224294,NO_WAL,1735,,,,,,,,,
224295,NO_WAL,2091,,,,,,,,,
224296,NO_WAL,2413,,,,,,,,,
224297,NO_WAL,629,,,,,,,,,
224298,NO_WAL,45,,,,,,,,,
224299,NO_WAL,280,,,,,,,,,
224300,NO_WAL,8,,,,,,,,,
224301,NO_WAL,2086,,,,,,,,,
224302,NO_WAL,3067,,,,,,,,,
224303,NO_WAL,3103,,,,,,,,,
224304,NO_WAL,3094,,,,,,,,,
224305,NO_WAL,2535,,,,,,,,,
224306,NO_WAL,2903,,,,,,,,,
224307,NO_WAL,1743,,,,,,,,,
224308,NO_WAL,3356,,,,,,,,,
224309,NO_WAL,2682,,,,,,,,,
224310,NO_WAL,3144,,,,,,,,,
224311,NO_WAL,2015,,,,,,,,,
224312,NO_WAL,3456,,,,,,,,,
224313,NO_WAL,1546,,,,,,,,,
224314,NO_WAL,1536,,,,,,,,,
224315,NO_WAL,2925,,,,,,,,,
224316,NO_WAL,3168,,,,,,,,,
224317,NO_WAL,558,,,,,,,,,
224318,NO_WAL,3566,,,,,,,,,
224319,NO_WAL,3320,,,,,,,,,
224320,NO_WAL,3544,,,,,,,,,
224321,NO_WAL,3162,,,,,,,,,
224322,NO_WAL,538,,,,,,,,,
224323,NO_WAL,15,,,,,,,,,
224324,NO_WAL,4131,,,,,,,,,
224325,NO_WAL,5277,,,,,,,,,
224326,NO_WAL,3243,,,,,,,,,
224327,NO_WAL,3444,,,,,,,,,
224328,NO_WAL,3611,,,,,,,,,
224329,NO_WAL,2167,,,,,,,,,
224330,NO_WAL,13,,,,,,,,,
224331,NO_WAL,7,,,,,,,,,
224332,NO_WAL,4,,,,,,,,,
224333,NO_WAL,13,,,,,,,,,
224334,NO_WAL,11,,,,,,,,,
224335,NO_WAL,4,,,,,,,,,
224336,NO_WAL,4,,,,,,,,,
224337,NO_WAL,4,,,,,,,,,
224338,NO_WAL,3,,,,,,,,,
224339,NO_WAL,4,,,,,,,,,
224341,NO_WAL,4,,,,,,,,,
224342,NO_WAL,3,,,,,,,,,
224343,NO_WAL,8,,,,,,,,,
224344,NO_WAL,3,,,,,,,,,
224345,ON,3033,-1000,0,-965,5,872,907,803,851,0.000
224346,ON,3085,-780,0,-745,0,845,916,809,764,0.021
224347,ON,3356,-800,0,-755,0,852,924,810,755,0.007
224348,ON,3788,-800,0,-765,0,855,922,789,758,0.007
224349,ON,2381,-790,0,-755,0,853,918,791,749,0.000
224350,ON,57,-780,0,-735,5,839,919,796,820,0.000
224351,ON,2427,-765,0,-730,0,832,903,802,789,0.000
224352,ON,99,0,0,-710,0,828,846,756,735,0.010
224353,ON,471,0,0,-705,10,823,844,769,775,0.007
224354,ON,1194,-740,0,-705,0,823,859,757,775,0.013
224355,ON,3708,-735,0,-695,-5,799,819,744,704,0.000
224356,OFF,3412,5,0,5,5,12890,12951,12647,12790,0.846
224357,OFF,3286,10,0,5,5,13128,13038,12991,13038,0.979
224358,OFF,3269,5,0,5,5,13084,12888,12955,12955,0.932
224359,OFF,3426,5,0,5,5,12942,12924,12908,12836,0.870
224360,OFF,549,5,0,5,10,12963,12960,12818,12880,0.905
224361,ON,3228,-30,0,-1025,-25,839,912,755,857,0.024
224362,ON,3379,-1035,0,-990,-20,832,920,752,848,0.000
224363,ON,3672,-1010,0,-995,-25,834,902,757,854,0.000
224364,ON,674,-1050,0,-1035,-35,833,904,750,863,0.000
224365,ON,3422,-1005,0,-990,-25,838,939,749,851,0.000
224366,ON,3419,-1005,0,-1025,-25,840,906,762,863,0.000
224367,ON,3374,-35,0,-1025,-25,855,912,766,881,0.029
224368,ON,3764,-1035,0,-1025,-25,847,923,761,883,0.000
224369,ON,3328,-1040,0,-990,-25,834,941,751,862,0.029
224370,ON,3166,-1045,0,-1025,-25,501,415,415,451,0.407
224371,ON,4028,-1045,0,-1025,-20,331,398,403,420,0.459
224372,ON,4004,-980,0,-995,-25,819,890,743,853,0.000
224373,ON,3133,-1005,0,-1025,-25,845,927,761,853,0.000
224374,ON,3221,-1010,0,-1025,-25,847,998,754,867,0.000
224375,ON,3319,-1005,0,-1025,-25,851,927,744,868,0.000
224376,ON,3122,-1010,0,-1030,-25,855,986,767,873,0.000
224377,ON,880,-1035,0,-1020,-20,335,402,408,414,0.382
224379,ON,44,-20,0,25,995,837,900,720,749,0.068
224380,NO_WAL,7,,,,,,,,,
224381,ON,802,-35,0,-1025,-25,410,405,403,412,0.347
224382,ON,95,-1075,0,-1030,-1070,846,915,744,794,0.000
224383,NO_WAL,4,,,,,,,,,
224384,NO_WAL,4,,,,,,,,,
224385,NO_WAL,4,,,,,,,,,
224386,NO_WAL,4,,,,,,,,,
224387,NO_WAL,4,,,,,,,,,
224388,NO_WAL,4,,,,,,,,,
224389,NO_WAL,4,,,,,,,,,
224390,NO_WAL,6,,,,,,,,,
224391,NO_WAL,6,,,,,,,,,
224392,NO_WAL,4,,,,,,,,,
224393,NO_WAL,5,,,,,,,,,
224394,NO_WAL,5,,,,,,,,,
224398,NO_WAL,4,,,,,,,,,
224399,ON,37,-1075,0,-1030,-1070,850,918,811,789,0.000
224400,ON,89,-760,0,-745,-785,793,766,709,684,0.000
224401,ON,2558,-5,0,-745,5,311,415,417,449,0.493
224402,ON,3591,-755,0,-745,-755,802,776,707,685,0.000
224403,ON,3170,-5,0,-750,-790,824,755,715,706,0.000
224404,ON,3792,-805,0,-760,0,806,746,729,696,0.000
224405,ON,209,-815,0,-755,-765,784,743,711,728,0.000
224406,ON,3093,-5,0,-750,0,782,724,731,698,0.000
224407,ON,1102,-5,0,-745,-780,797,740,719,687,0.000
224408,NO_WAL,11,,,,,,,,,
224409,NO_WAL,5,,,,,,,,,
224410,NO_WAL,4,,,,,,,,,
224411,NO_WAL,5,,,,,,,,,
224412,NO_WAL,5,,,,,,,,,
224413,NO_WAL,5,,,,,,,,,
224414,NO_WAL,5,,,,,,,,,
224415,NO_WAL,5,,,,,,,,,
224416,NO_WAL,5,,,,,,,,,
224417,NO_WAL,5,,,,,,,,,
224418,NO_WAL,5,,,,,,,,,
224419,NO_WAL,5,,,,,,,,,
224420,NO_WAL,4,,,,,,,,,
224421,NO_WAL,4,,,,,,,,,
224422,NO_WAL,5,,,,,,,,,
224423,NO_WAL,4,,,,,,,,,
224424,NO_WAL,4,,,,,,,,,
224425,NO_WAL,4,,,,,,,,,
224426,NO_WAL,4,,,,,,,,,
224427,NO_WAL,6,,,,,,,,,
224428,NO_WAL,5,,,,,,,,,
224429,NO_WAL,9,,,,,,,,,
224430,NO_WAL,6,,,,,,,,,
224431,NO_WAL,5,,,,,,,,,
224432,NO_WAL,5,,,,,,,,,
224433,NO_WAL,4,,,,,,,,,
224434,NO_WAL,5,,,,,,,,,
224435,NO_WAL,4,,,,,,,,,
224436,NO_WAL,4,,,,,,,,,
224437,NO_WAL,4,,,,,,,,,
224438,NO_WAL,3,,,,,,,,,
224439,NO_WAL,3,,,,,,,,,
224440,NO_WAL,101,,,,,,,,,
224441,NO_WAL,25,,,,,,,,,
224442,NO_WAL,4,,,,,,,,,
224443,NO_WAL,5,,,,,,,,,
224444,NO_WAL,3,,,,,,,,,
224445,NO_WAL,4,,,,,,,,,
224446,NO_WAL,4,,,,,,,,,
224447,NO_WAL,4,,,,,,,,,
224448,NO_WAL,4,,,,,,,,,
224449,NO_WAL,4,,,,,,,,,
224450,ON,294,-5,0,-765,-5,818,867,788,734,0.000
224455,ON,0,-790,0,-780,-20,795,844,709,688,0.000
224456,ON,55,-790,0,-780,-20,811,836,698,672,0.000
224457,ON,2867,-755,0,-775,-15,806,853,704,663,0.000
224458,ON,3054,-795,0,-785,-25,807,841,714,686,0.000
224459,ON,3317,-845,0,-785,-825,792,834,708,712,0.000
224460,ON,4005,-800,0,-790,-20,800,818,726,673,0.000
224462,ON,2797,-855,0,-795,-20,803,852,711,686,0.000
224463,ON,717,-840,0,-795,-20,801,860,724,721,0.000
224464,OFF,2716,5,0,0,0,12685,12253,12511,11971,0.596
224466,OFF,0,5,0,0,0,13074,12876,13031,12686,1.000
224467,ON,675,-820,0,-775,-20,792,830,698,668,0.000
224468,ON,817,-30,0,-995,-25,857,896,748,844,0.000
224469,ON,48,-30,0,-990,-20,864,901,757,843,0.000
224470,ON,3518,-30,0,-990,-20,851,899,749,854,0.000
224471,ON,1957,-30,0,-990,-20,858,910,748,845,0.000
224472,ON,4023,-1040,0,-995,-25,866,910,730,771,0.002
224473,ON,3560,-35,0,-990,-20,877,920,766,854,0.018
224474,ON,456,-35,0,-995,-25,868,930,743,851,0.000
224476,ON,1507,-1035,0,-990,-20,858,907,735,770,0.004
224477,ON,1502,-55,0,-10,960,860,904,731,774,0.005
224478,ON,1501,-975,0,-990,-20,857,924,731,767,0.006
224479,ON,1503,-1035,0,-990,-20,836,913,732,762,0.005
224480,ON,28,-1040,0,-995,-25,827,929,754,773,0.000
224481,ON,3308,-30,0,-1025,-20,823,903,741,836,0.000
224482,NO_WAL,54,,,,,,,,,
224483,ON,42,-15,0,-10,-15,834,908,700,718,0.024
224484,ON,15,nan,nan,nan,nan,814,nan,nan,nan,nan
224485,NO_WAL,21,,,,,,,,,
224486,ON,21,nan,nan,nan,nan,766,nan,nan,nan,nan
224487,NO_WAL,21,,,,,,,,,
224488,ON,125,-1040,0,-995,-25,837,918,772,851,0.000
224489,ON,1750,-1005,0,-990,-20,840,922,764,857,0.000
224490,ON,2328,-25,0,-990,-20,853,990,776,859,0.000
224491,ON,2390,-30,0,-995,-25,857,949,790,861,0.000
224492,ON,3014,-1040,0,-995,-25,858,966,778,856,0.000
224493,ON,3142,-25,0,-990,-15,866,940,765,870,0.000
224494,ON,2540,-1005,0,-995,-25,861,926,785,861,0.032
224495,NO_WAL,5,,,,,,,,,
224496,NO_WAL,2,,,,,,,,,
224498,ON,0,-1005,0,-990,-20,852,985,764,843,0.000
224499,ON,3120,-30,0,-1000,-25,850,920,767,858,0.000
224500,ON,3420,-30,0,-995,-20,868,925,784,885,0.033
224501,ON,3207,-1025,0,-990,-20,876,935,787,864,0.000
224502,ON,3377,-1005,0,-995,-25,866,918,805,870,0.000
224503,ON,3349,-1000,0,-990,-20,864,916,777,869,0.000
224504,ON,3294,-25,0,-990,-20,852,919,771,862,0.000
224505,ON,3175,-25,0,-990,-20,853,1028,747,845,0.000
224506,ON,3219,-1040,0,-995,-25,845,919,768,848,0.000
224507,ON,3241,-1005,0,-990,-15,858,920,782,856,0.000
224508,ON,3830,-25,0,-990,-20,853,912,784,877,0.000
224509,ON,3565,-1035,0,-990,-20,871,957,767,854,0.000
224510,ON,3338,-1000,0,-990,-20,866,982,759,854,0.000
224511,ON,2584,-25,0,-995,-25,855,947,757,851,0.000
224512,ON,452,-25,0,-990,-15,863,920,761,851,0.000
224513,ON,2138,-1005,0,-995,-25,862,911,785,865,0.000
224514,NO_WAL,3,,,,,,,,,
224515,NO_WAL,4,,,,,,,,,
224516,ON,3473,-25,0,-995,-20,839,913,752,763,0.007
224517,ON,3373,-35,0,-995,-25,840,929,752,859,0.000
224518,ON,3652,-35,0,-990,-25,856,929,777,862,0.032
224519,ON,3488,-1005,0,-995,-25,861,922,764,863,0.032
224520,ON,3154,-1040,0,-995,-25,856,914,781,855,0.065
224521,ON,3177,-25,0,-995,-20,855,967,772,861,0.000
224522,ON,437,-25,0,-990,-20,853,936,782,872,0.000
224523,ON,293,-1005,0,-995,-25,847,915,779,852,0.000
224524,ON,2946,-1040,0,-995,-25,843,891,744,853,0.030
224525,ON,3631,-340,0,-325,-25,770,584,650,673,0.000
224526,ON,3324,5,0,-315,-15,766,578,657,668,0.026
224527,ON,3329,-345,0,-335,-25,773,535,697,652,0.088
224528,ON,3493,-11625,0,0,-25,250,296,299,344,0.464
224529,ON,0,-11620,0,-350,-20,238,289,292,331,0.548
224530,ON,63,-340,0,-330,-20,786,593,646,646,0.000
224531,ON,652,-340,0,-325,-20,780,650,690,614,0.000
224532,ON,32,-1020,nan,nan,0,884,nan,nan,771,nan
224533,ON,2791,0,0,5,0,852,978,762,759,0.003
224534,ON,1984,0,0,5,0,5885,4809,5041,5376,0.000
224535,NO_WAL,1,,,,,,,,,
224536,NO_WAL,2,,,,,,,,,
224537,ON,385,-5,0,5,0,6076,4982,4709,5404,0.000
224538,ON,556,0,0,5,0,5883,4998,4823,5453,0.000
224539,ON,2784,-5,0,5,0,11872,4998,4682,4927,0.000
224540,ON,3008,-5,0,5,0,5201,4908,4785,4923,0.179
224541,ON,2725,-320,0,-340,-25,758,617,658,656,0.000
224542,ON,2931,-55,0,-45,280,775,560,656,660,0.037
224544,ON,1328,-350,0,-340,-15,756,633,650,710,0.000
224545,ON,2729,-325,0,-345,-15,766,621,638,672,0.000
224546,ON,2623,-325,0,-345,-15,769,620,647,672,0.000
224547,ON,2631,-25,0,-45,290,773,586,652,687,0.000
224548,ON,2588,-340,0,-365,-20,774,601,656,686,0.000
224549,ON,2611,-345,0,-365,-20,779,657,655,681,0.000
224550,ON,1310,-380,0,-360,-20,775,634,663,666,0.000
224551,ON,2382,-335,0,-350,-20,791,621,653,672,0.038
224552,ON,412,5,0,-45,285,762,601,631,647,0.000
224553,ON,730,-320,0,-310,-350,759,660,630,675,0.040
224554,ON,2291,-25,0,-10,285,774,597,639,653,0.000
224555,ON,1225,-25,0,-45,285,768,636,662,699,0.000
224556,ON,2739,-385,0,-340,-15,774,614,660,670,0.000
224557,ON,2654,-405,0,-355,-25,766,602,656,669,0.000
224558,ON,2656,-360,0,-345,-20,779,631,657,674,0.000
224560,ON,3186,-395,0,-350,-20,782,629,652,671,0.000
224562,ON,3334,-355,0,-345,-25,768,621,638,654,0.000
224563,ON,3523,-360,0,-345,-25,783,736,652,659,0.029
224564,ON,2996,-350,0,-340,-20,772,616,654,665,0.000
224565,ON,2991,-360,0,-345,-25,777,604,650,670,0.000
224566,ON,1769,-390,0,-350,-20,766,617,657,676,0.000
224567,ON,1966,-405,0,-390,-25,769,604,647,635,0.000
224569,ON,3053,-405,0,-390,-25,797,615,645,642,0.034
224570,ON,3050,-390,0,-345,-20,761,631,650,666,0.000
224571,ON,3006,-355,0,-345,-20,773,647,646,655,0.000
224572,ON,3018,-350,0,-340,-25,770,584,647,666,0.000
224573,ON,3118,-390,0,-345,-20,773,611,649,664,0.034
224574,ON,3037,-355,0,-345,-20,764,634,622,673,0.000
224575,ON,334,-395,0,-350,-20,782,637,661,620,0.000
224576,ON,2970,-340,0,-355,-25,783,599,665,661,0.000
224577,ON,3302,-370,0,-355,-20,774,606,641,626,0.000
224578,ON,1404,-365,0,-350,-20,772,536,653,661,0.000
224579,ON,3,nan,nan,nan,nan,815,nan,nan,nan,nan
224580,ON,1231,-355,0,-340,-20,761,624,636,675,0.031
224581,ON,668,-25,0,-10,-45,764,575,637,673,0.033
224582,ON,368,-415,0,-370,-410,768,605,680,643,0.000
224583,ON,3159,-405,0,-360,-400,769,592,678,666,0.000
224584,ON,3152,-400,0,-365,-25,770,639,661,636,0.033
224585,ON,3295,-385,0,-410,-25,791,615,670,651,0.000
224587,ON,1125,-390,0,-415,-20,782,600,669,658,0.000
