run,tree,ch,n,n_core,frac_core,dt_med,dt_mean,dt_sigma,dt_std,dt_err,peak_med,amp_med,area_med,fwhm_med,rise_med,sat_frac,dt_lo,dt_hi,n_lo,n_hi,amp_lo,amp_hi
224362,WALA,1,3096,3082,0.9955,-1722,-1710,4.695,25.13,0.4527,-1700,2.421e+04,2.167e+06,33.78,12.83,0,-1714,-1724,1441,1641,2.739e+04,2.356e+04
224362,WALA,2,3096,3082,0.9955,-1711,-1702,4.663,22.3,0.4017,-1690,2.425e+04,2.135e+06,29.57,12.95,0,-1706,-1713,1441,1641,2.651e+04,2.364e+04
224362,WALA,3,3096,3082,0.9955,-1720,-1718,2.928,12.77,0.2301,-1699,2.44e+04,2.061e+06,31.7,10.07,0,-1718,-1722,1441,1641,2.52e+04,2.395e+04
224362,WALA,4,3096,3082,0.9955,-1713,-1702,4.924,23.28,0.4194,-1690,2.4e+04,1.966e+06,26.7,12.41,0,-1707,-1715,1441,1641,2.716e+04,2.326e+04
224362,WALA,5,3082,3063,0.9938,-1725,-1721,2.838,14.06,0.254,-1704,2.61e+04,2.258e+06,34.2,10.5,0,-1722,-1726,1440,1623,2.737e+04,2.522e+04
224362,WALA,6,3082,3072,0.9968,-1712,-1705,3.726,20.33,0.3667,-1691,2.379e+04,2.011e+06,30.81,11.36,0,-1708,-1714,1439,1633,2.465e+04,2.351e+04
224362,WALA,7,3096,3082,0.9955,-1722,-1718,3.536,16.12,0.2903,-1701,2.338e+04,2.04e+06,33.69,11.74,0,-1718,-1724,1441,1641,2.376e+04,2.324e+04
224362,WALA,8,3096,3082,0.9955,-1710,-1701,4.523,22.29,0.4014,-1689,2.427e+04,2.152e+06,29.68,13.15,0,-1704,-1712,1441,1641,2.678e+04,2.382e+04
224362,WALB,1,3082,2999,0.9731,-1717,-1712,4.153,15.38,0.2809,-1695,2.24e+04,1.776e+06,30.72,11.49,0,-1712,-1719,1431,1568,2.284e+04,2.224e+04
224362,WALB,2,3096,3029,0.9784,-1716,-1710,4.273,18.01,0.3273,-1695,2.369e+04,2.007e+06,27.63,11.42,0,-1712,-1718,1435,1594,2.412e+04,2.341e+04
224362,WALB,3,3090,3073,0.9945,-1726,-1725,2.884,5.673,0.1023,-1704,2.388e+04,1.819e+06,31.67,9.249,0,-1723,-1727,1441,1632,2.425e+04,2.371e+04
224362,WALB,4,3096,3082,0.9955,-1715,-1713,3.047,7.463,0.1344,-1694,2.395e+04,1.834e+06,28.28,9.845,0,-1712,-1716,1441,1641,2.424e+04,2.381e+04
224362,WALB,5,3096,3082,0.9955,-1722,-1721,2.73,3.344,0.06024,-1701,2.384e+04,1.802e+06,29.49,8.595,0,-1719,-1723,1441,1641,2.435e+04,2.364e+04
224362,WALB,6,3096,3082,0.9955,-1722,-1721,2.911,5.642,0.1016,-1701,2.449e+04,1.875e+06,30.1,9.415,0,-1719,-1723,1441,1641,2.491e+04,2.423e+04
224362,WALB,7,3082,3032,0.9838,-1719,-1719,3.22,4.25,0.07718,-1698,2.275e+04,1.684e+06,31.5,8.941,0,-1716,-1721,1441,1591,2.258e+04,2.28e+04
224362,WALB,8,3082,3034,0.9844,-1717,-1715,3.317,11.1,0.2014,-1696,2.423e+04,1.884e+06,29.94,10.1,0,-1715,-1719,1439,1595,2.48e+04,2.395e+04
224362,WALC,1,3096,3074,0.9929,-1713,-1708,5.104,17.2,0.3101,-1688,2.325e+04,2.031e+06,32.99,13.51,0,-1708,-1716,1441,1633,2.528e+04,2.193e+04
224362,WALC,2,3096,3082,0.9955,-1710,-1707,5.2,12.55,0.226,-1688,2.149e+04,1.805e+06,27.45,11.67,0,-1705,-1712,1441,1641,2.229e+04,2.11e+04
224362,WALC,3,3096,3082,0.9955,-1711,-1710,4.064,7.401,0.1333,-1690,2.278e+04,1.797e+06,29.69,11.59,0,-1708,-1714,1441,1641,2.264e+04,2.287e+04
224362,WALC,4,3096,3082,0.9955,-1715,-1713,3.999,10.21,0.1839,-1693,2.338e+04,1.949e+06,27.67,11.59,0,-1711,-1717,1441,1641,2.353e+04,2.328e+04
224362,WALC,5,3082,3066,0.9948,-1713,-1712,3.862,7.118,0.1286,-1692,2.349e+04,1.947e+06,31.39,11.32,0,-1710,-1715,1437,1629,2.342e+04,2.352e+04
224362,WALC,6,3082,3011,0.977,-1716,-1712,3.897,13.8,0.2514,-1695,2.383e+04,1.988e+06,26.95,11.44,0,-1712,-1718,1439,1572,2.406e+04,2.373e+04
224362,WALC,7,3096,3082,0.9955,-1717,-1714,4.334,12.56,0.2262,-1695,2.451e+04,2.02e+06,28.02,11.67,0,-1712,-1719,1441,1641,2.453e+04,2.451e+04
224362,WALC,8,3096,3082,0.9955,-1716,-1714,4.16,10.93,0.1969,-1695,2.328e+04,1.945e+06,25.47,11.27,0,-1712,-1718,1441,1641,2.348e+04,2.316e+04
224362,WALD,1,3096,3082,0.9955,-1710,-1708,4.265,10.53,0.1897,-1689,2.359e+04,1.99e+06,26.7,11.87,0,-1706,-1712,1441,1641,2.375e+04,2.354e+04
224362,WALD,2,3096,3082,0.9955,-1712,-1704,4.586,20.62,0.3714,-1691,2.308e+04,1.984e+06,27.35,12.19,0,-1707,-1714,1441,1641,2.462e+04,2.273e+04
224362,WALD,3,3082,3059,0.9925,-1715,-1712,3.687,12.56,0.2271,-1694,2.338e+04,1.891e+06,26.83,11.23,0,-1712,-1717,1432,1627,2.347e+04,2.333e+04
224362,WALD,4,3082,3058,0.9922,-1718,-1715,3.564,13.19,0.2384,-1697,2.382e+04,2.008e+06,31.03,11.25,0,-1714,-1720,1440,1618,2.411e+04,2.372e+04
224362,WALD,5,3082,3077,0.9984,-1712,-1711,3.707,6.365,0.1147,-1690,2.214e+04,1.816e+06,27.87,11.32,0,-1708,-1713,1439,1638,2.194e+04,2.224e+04
224362,WALD,6,3096,3082,0.9955,-1718,-1717,3.554,5.993,0.108,-1697,2.454e+04,1.975e+06,32.26,11.23,0,-1715,-1720,1441,1641,2.446e+04,2.458e+04
224362,WALD,7,3096,3082,0.9955,-1705,-1700,5.814,15.29,0.2754,-1681,2.334e+04,2.096e+06,33.14,14.43,0,-1699,-1708,1441,1641,2.107e+04,2.367e+04
224362,WALD,8,3096,3082,0.9955,-1708,-1704,5.735,16.17,0.2912,-1686,2.189e+04,1.926e+06,32.39,13.6,0,-1702,-1711,1441,1641,2.217e+04,2.165e+04
224362,PSSA,1,2278,2278,1,-1644,-1651,17.89,27.78,0.582,-1639,3.187e+04,3.46e+05,11.44,0,0,-1642,-1647,1230,1048,3.157e+04,3.23e+04
224362,PSSA,2,1985,1984,0.9995,-1633,-1643,15.76,29.29,0.6575,-1629,3.031e+04,2.766e+05,10.94,0,0,-1632,-1634,1148,836,2.944e+04,3.151e+04
224362,PSSB,1,1963,1963,1,-1642,-1651,15.96,27.09,0.6114,-1639,2e+04,1.978e+05,11,0,0,-1639,-1646,1015,948,1.944e+04,2.056e+04
224362,PSSB,2,1593,1593,1,-1647,-1657,27.56,36.15,0.9058,-1641,3.131e+04,2.669e+05,10.63,0,0,-1647,-1646,965,628,2.873e+04,3.49e+04
224362,PSSC,1,1734,1734,1,-1645,-1651,21.66,28.28,0.6791,-1640,3.086e+04,3.418e+05,12,0,0,-1643,-1647,865,869,2.905e+04,3.189e+04
224362,PSSC,2,2055,2053,0.999,-1639,-1646,18.96,28.94,0.6387,-1633,3.361e+04,3.725e+05,11.92,0,0,-1635,-1641,1118,935,3.239e+04,3.444e+04
224362,PSSD,1,2080,2080,1,-1638,-1648,17.21,29.45,0.6457,-1634,2.078e+04,2.153e+05,11.52,0,0,-1635,-1641,1103,977,1.999e+04,2.153e+04
224362,PSSD,2,2291,2291,1,-1632,-1643,17.79,31.17,0.6512,-1629,1.956e+04,1.724e+05,11,0,0,-1632,-1633,1288,1003,1.98e+04,1.925e+04
