run,PSSA,PSSA_sig,PSSA_n,PSSB,PSSB_sig,PSSB_n,PSSC,PSSC_sig,PSSC_n,PSSD,PSSD_sig,PSSD_n,LIQA,LIQA_sig,LIQA_n,LIQB,LIQB_sig,LIQB_n,LIQC,LIQC_sig,LIQC_n,LIQD,LIQD_sig,LIQD_n
224345,-1641.53,19.1,1120,-1648.23,22.8,459,-1640.78,18.8,820,,,,,,,,,,,,,,,
224348,-1644.15,20.6,1143,-1647.35,22.0,439,-1640.66,17.9,802,,,,,,,,,,,,,,,
224351,-1643.57,19.2,1032,-1649.23,25.4,306,-1641.86,18.1,668,,,,,,,,,,,,,,,
224354,-1644.68,20.1,1049,-1649.95,26.0,350,-1639.92,19.5,826,,,,,,,,,,,,,,,
224356,-1646.60,18.7,398,-1649.90,22.5,157,-1642.12,18.1,253,,,,,,,,,,,,,,,
224357,-1644.97,17.2,460,-1647.93,20.4,163,-1643.14,16.8,292,,,,,,,,,,,,,,,
224358,-1644.28,17.8,387,-1646.35,19.4,154,-1646.75,17.2,268,,,,,,,,,,,,,,,
224359,-1645.56,16.3,359,-1644.31,18.3,126,-1645.59,16.8,245,,,,,,,,,,,,,,,
224360,-1645.54,18.3,351,-1645.02,18.3,116,-1645.94,17.9,230,,,,,,,,,,,,,,,
224363,-1644.76,17.4,298,-1644.30,19.3,105,-1645.09,17.7,182,,,,,,,,,,,,,,,
224366,-1647.95,18.2,317,-1648.56,17.6,107,-1645.80,15.6,199,,,,,,,,,,,,,,,
224369,-1646.18,15.9,304,-1652.23,18.9,120,-1645.71,18.6,192,,,,,,,,,,,,,,,
224372,-1645.65,16.8,259,-1652.64,19.7,94,-1647.19,20.1,201,,,,,,,,,,,,,,,
224375,-1648.26,15.0,297,-1651.05,17.9,125,-1647.84,19.5,222,,,,,,,,,,,,,,,
224379,,,,,,,,,,,,,,,,,,,,,,,,
224382,,,,,,,,,,,,,,,,,,,,,,,,
224385,,,,,,,,,,,,,,,,,,,,,,,,
224388,,,,,,,,,,,,,,,,,,,,,,,,
224391,,,,,,,,,,,,,,,,,,,,,,,,
224394,,,,,,,,,,,,,,,,,,,,,,,,
224400,-1696.57,5.6,32,-1658.46,15.8,44,-1655.98,18.9,108,-1681.03,6.3,92,-1707.21,5.2,49,,,,,,,-1706.14,6.3,63
224403,-1698.54,5.0,74,-1657.97,14.0,139,-1662.90,35.0,184,-1683.29,5.3,187,-1706.99,5.6,139,,,,,,,-1705.83,6.1,121
224406,-1699.40,5.4,100,-1664.43,25.5,121,-1665.52,37.6,194,-1690.22,5.0,181,-1708.27,4.8,116,,,,,,,-1706.72,7.7,108
224409,,,,,,,,,,,,,,,,,,,,,,,,
224412,,,,,,,,,,,,,,,,,,,,,,,,
224415,,,,,,,,,,,,,,,,,,,,,,,,
224418,,,,,,,,,,,,,,,,,,,,,,,,
224421,,,,,,,,,,,,,,,,,,,,,,,,
224424,,,,,,,,,,,,,,,,,,,,,,,,
224427,,,,,,,,,,,,,,,,,,,,,,,,
224430,,,,,,,,,,,,,,,,,,,,,,,,
224433,,,,,,,,,,,,,,,,,,,,,,,,
224436,,,,,,,,,,,,,,,,,,,,,,,,
224439,,,,,,,,,,,,,,,,,,,,,,,,
224442,,,,,,,,,,,,,,,,,,,,,,,,
224445,,,,,,,,,,,,,,,,,,,,,,,,
224448,,,,,,,,,,,,,,,,,,,,,,,,
224455,,,,,,,,,,,,,,,,,,,,,,,,
224458,-1671.61,45.7,142,-1700.49,3.2,153,-1695.27,5.7,102,-1698.36,4.2,153,-1708.28,4.2,242,-1710.86,3.6,211,-1695.98,4.2,818,-1701.63,4.4,335
224462,-1677.62,25.3,125,-1703.58,2.5,150,-1694.26,7.0,108,-1699.74,4.3,170,-1708.86,3.5,241,-1710.39,4.1,196,-1696.21,4.2,770,-1701.34,4.4,330
224464,-1695.43,3.5,112,-1706.39,2.6,156,-1699.32,5.8,101,-1701.70,4.1,180,-1709.67,4.0,217,-1711.51,3.9,188,-1696.71,3.7,718,-1702.14,4.2,299
224466,-1645.90,6.2,40,-1652.83,16.3,40,,,,-1640.31,10.8,36,-1708.89,4.1,238,-1710.84,3.3,198,-1696.69,3.8,746,-1702.19,4.4,317
224469,,,,,,,,,,,,,,,,,,,,,,,,
224472,,,,,,,,,,,,,,,,,,,,,,,,
224476,,,,,,,,,,,,,,,,,,,,,,,,
224479,,,,,,,,,,,,,,,,,,,,,,,,
224482,,,,,,,,,,,,,,,,,,,,,,,,
224485,,,,,,,,,,,,,,,,,,,,,,,,
224488,-1683.88,2.4,41,-1688.48,2.6,49,-1678.28,2.5,86,-1610.12,5.4,47,-1707.65,3.8,120,-1709.06,5.6,119,-1695.03,4.8,125,-1700.47,4.9,119
224491,-1685.49,2.9,46,-1687.55,2.2,77,-1683.84,3.1,47,-1624.52,8.0,64,-1707.80,4.0,259,-1709.80,4.0,214,-1695.58,4.3,873,-1700.97,4.5,366
224494,-1682.21,3.6,59,-1690.11,2.3,54,-1679.11,2.1,76,-1608.97,4.5,45,-1708.29,4.5,273,-1709.78,4.1,218,-1695.12,4.6,912,-1700.77,4.5,385
224498,-1683.43,3.3,39,-1688.16,2.1,42,-1680.38,2.2,83,-1612.62,4.8,37,-1708.02,4.7,258,-1710.36,4.4,220,-1695.28,4.5,886,-1701.10,5.2,373
224501,-1681.49,3.8,55,-1689.20,2.5,47,-1679.98,3.1,80,-1608.80,5.6,47,-1707.93,4.6,277,-1709.56,4.5,223,-1694.99,4.4,938,-1700.50,4.6,394
224504,-1683.11,2.3,47,-1689.69,1.9,39,-1680.32,2.4,89,-1610.72,7.5,52,-1707.97,4.3,273,-1710.10,4.3,225,-1695.24,4.4,921,-1701.07,4.2,387
224507,-1679.27,4.1,95,-1680.09,3.5,34,-1682.68,2.7,66,-1610.06,7.1,43,-1707.70,4.2,278,-1709.63,4.9,231,-1694.97,4.6,934,-1700.53,5.0,392
224510,-1678.28,2.7,89,-1678.91,6.1,36,-1681.81,1.6,56,-1612.63,5.1,40,-1707.85,4.4,279,-1709.92,4.1,234,-1694.71,4.4,950,-1700.69,4.8,394
224513,-1678.44,3.0,88,,,,-1682.72,2.9,64,-1610.58,7.9,40,-1707.94,4.7,262,-1709.95,4.6,224,-1695.20,4.4,887,-1700.96,4.5,388
224516,-1679.61,5.0,80,-1688.40,3.3,53,-1681.56,3.4,74,-1681.40,2.1,76,-1707.73,4.4,281,-1709.46,4.8,231,-1694.64,4.9,979,-1700.32,4.8,402
224519,-1678.21,5.5,87,-1688.80,2.9,53,-1681.61,2.8,82,-1680.94,2.1,75,-1707.86,4.6,265,-1709.83,4.4,224,-1695.18,4.5,920,-1701.16,5.0,386
224522,-1678.87,3.0,75,-1689.08,2.7,47,-1682.65,2.4,72,-1681.52,2.5,82,-1707.77,4.5,268,-1709.66,4.2,219,-1694.98,4.4,423,-1700.71,4.4,379
224525,-1677.52,5.7,61,-1686.95,3.6,44,-1682.84,2.4,74,-1678.37,2.7,68,-1707.18,4.6,314,-1709.47,4.2,254,-1694.58,4.8,1018,-1700.49,5.1,438
224528,-1680.04,5.1,83,-1687.21,2.2,42,-1681.76,2.7,77,-1680.78,2.5,72,-1707.58,4.3,291,-1709.53,4.5,237,-1695.07,5.3,973,-1700.78,4.7,418
224531,-1679.12,2.5,94,-1689.42,2.1,71,-1682.32,2.5,94,-1682.35,2.0,99,-1710.22,3.2,201,-1712.46,3.0,165,-1697.91,3.3,640,-1702.82,3.8,287
224534,-1678.68,4.9,70,-1689.93,4.0,46,-1681.81,3.5,73,-1681.82,2.5,72,-1707.46,4.8,283,-1710.22,4.4,234,-1694.67,4.8,983,-1700.46,4.9,414
224537,-1677.36,5.6,79,-1688.15,3.7,49,-1681.77,2.6,67,-1679.73,2.2,65,-1707.33,4.2,297,-1709.41,4.7,245,-1694.91,4.4,303,-1699.83,4.8,312
224540,-1680.60,4.2,88,-1689.88,2.5,59,-1682.17,1.8,77,-1681.66,1.6,80,-1708.69,3.6,243,-1710.67,4.4,203,-1695.99,3.6,813,-1701.17,4.3,348
224543,-1678.76,4.3,95,-1688.39,3.9,65,-1682.32,2.6,82,-1682.83,2.1,82,-1708.97,4.0,244,-1710.83,3.5,201,-1696.45,3.8,764,-1701.63,4.6,337
224546,-1679.52,4.3,103,-1690.02,2.9,68,-1682.10,2.1,100,-1682.53,1.9,87,-1709.79,3.9,218,-1711.40,3.3,186,-1696.56,3.8,735,-1702.00,4.1,313
224549,-1680.40,4.5,93,-1689.51,2.9,59,-1682.31,2.0,93,-1682.91,1.8,84,-1709.11,3.6,224,-1711.06,3.5,181,-1696.54,3.6,746,-1702.27,4.1,316
224552,-1678.99,3.4,84,-1690.47,3.1,60,-1682.17,2.2,85,-1680.71,2.3,90,-1709.26,3.7,220,-1711.25,3.5,184,-1696.65,3.9,396,-1701.93,3.8,309
224555,-1680.00,3.1,104,-1688.89,3.3,54,-1682.47,2.4,79,-1683.14,1.8,80,-1708.66,3.8,231,-1711.37,3.6,203,-1695.89,3.8,792,-1701.79,3.9,337
224558,-1680.14,4.5,88,-1689.73,1.9,57,-1682.62,2.3,87,-1681.90,1.9,82,-1708.86,4.2,223,-1711.01,3.3,190,-1696.31,4.0,763,-1701.41,4.2,322
224562,-1680.72,4.9,94,-1689.37,2.9,58,-1682.25,1.7,86,-1683.44,2.2,82,-1708.27,3.7,241,-1710.56,3.9,198,-1695.69,4.1,810,-1701.74,5.0,338
224565,-1680.09,5.0,94,-1690.48,2.9,47,-1681.54,2.3,77,-1681.60,2.1,78,-1707.99,3.9,251,-1710.28,3.8,210,-1695.42,4.0,860,-1700.87,4.5,364
224569,-1680.75,4.7,97,-1689.48,1.7,41,-1682.78,2.5,67,-1681.28,2.7,76,-1708.15,4.3,256,-1710.02,5.3,207,-1695.69,4.5,854,-1701.44,4.9,364
224572,-1679.49,4.0,85,-1690.64,1.9,52,-1682.14,2.6,76,-1682.68,1.8,69,-1707.91,4.0,250,-1710.19,4.4,202,-1695.53,4.4,853,-1701.43,4.1,358
224575,-1679.21,4.9,87,-1689.08,2.6,49,-1682.51,2.5,75,-1681.75,2.6,80,-1708.56,4.3,254,-1710.12,4.5,206,-1695.24,4.4,295,-1701.15,4.8,294
224578,-1680.35,4.0,85,-1689.83,3.4,47,-1682.03,1.8,72,-1681.88,2.6,71,-1707.59,4.8,257,-1710.07,4.8,224,-1695.03,4.4,906,-1700.88,4.7,383
224581,-1680.63,5.2,81,-1688.87,2.0,48,-1681.98,2.1,76,-1680.45,2.4,74,-1707.89,4.0,267,-1709.61,3.7,216,-1694.55,5.1,652,-1700.72,4.8,382
224584,-1680.55,4.5,87,-1688.87,2.8,52,-1682.22,2.1,75,-1683.25,2.2,73,-1708.31,4.7,258,-1710.40,3.9,217,-1694.99,4.9,897,-1700.96,4.4,373
224588,,,,,,,,,,,,,,,,,,,,,,,,
