run,raw_files,raw_GB,off_state,off_parts,off_GB,off_merged_bytes,off_header,off_recipe,ours_prod,ours_parts,ours_GB,ours_variant,ours_recipe,ours_all_productions
224264,0,0.0,MERGED,1,0.0,25909,UserInput_2026_EAR2_X17_v4.h,35bf4b0a829d,,,,,,
224265,0,0.0,MERGED,1,0.0,26117,UserInput_2026_EAR2_X17_v4.h,35bf4b0a829d,,,,,,
224266,0,0.0,MERGED,30,0.0,49320592,UserInput_2026_EAR2_X17_v4.h,35bf4b0a829d,,,,,,
224267,0,0.0,MERGED,14,0.0,24559012,UserInput_2026_EAR2_X17_v4.h,35bf4b0a829d,,,,,,
224268,0,0.0,MERGED,1,0.0,890332,UserInput_2026_EAR2_X17_v4.h,35bf4b0a829d,,,,,,
224269,10,0.9,MERGED,3,0.0,2904739,UserInput_2026_EAR2_X17_v4.h,35bf4b0a829d,,,,,,
224270,154,27.1,MERGED,39,0.1,65883130,UserInput_2026_EAR2_X17_v4.h,35bf4b0a829d,,,,,,
224271,0,0.0,MERGED,49,0.1,84504281,UserInput_2026_EAR2_X17_v4.h,35bf4b0a829d,,,,,,
224272,0,0.0,MERGED,47,0.1,76772668,UserInput_2026_EAR2_X17_v4.h,35bf4b0a829d,,,,,,
224273,0,0.0,MERGED,37,0.1,52838983,UserInput_2026_EAR2_X17_v4.h,35bf4b0a829d,,,,,,
224274,0,0.0,MERGED,33,0.1,57231046,UserInput_2026_EAR2_X17_v4.h,35bf4b0a829d,,,,,,
224275,0,0.0,MERGED,2,0.0,2856821,UserInput_2026_EAR2_X17_v4.h,35bf4b0a829d,,,,,,
224276,0,0.0,MERGED,1,0.0,294964,UserInput_2026_EAR2_X17_v4.h,35bf4b0a829d,,,,,,
224277,0,0.0,MERGED,37,0.1,65731167,UserInput_2026_EAR2_X17_v4.h,35bf4b0a829d,,,,,,
224278,0,0.0,MERGED,18,0.0,31650571,UserInput_2026_EAR2_X17_v4.h,35bf4b0a829d,,,,,,
224279,157,4.4,MERGED,40,0.1,67673172,UserInput_2026_EAR2_X17_v4.h,35bf4b0a829d,,,,,,
224280,0,0.0,MERGED,39,0.1,65901807,UserInput_2026_EAR2_X17_v4.h,35bf4b0a829d,,,,,,
224281,0,0.0,MERGED,43,0.1,72941244,UserInput_2026_EAR2_X17_v4.h,35bf4b0a829d,,,,,,
224282,0,0.0,MERGED,39,0.1,67463006,UserInput_2026_EAR2_X17_v4.h,35bf4b0a829d,,,,,,
224283,0,0.0,MERGED,21,0.0,33989093,UserInput_2026_EAR2_X17_v4.h,35bf4b0a829d,,,,,,
224284,0,0.0,MERGED,46,0.1,72216960,UserInput_2026_EAR2_X17_v4.h,35bf4b0a829d,,,,,,
224285,0,0.0,MERGED,19,0.0,30138074,UserInput_2026_EAR2_X17_v4.h,35bf4b0a829d,,,,,,
224286,0,0.0,MERGED,2,0.0,2858218,UserInput_2026_EAR2_X17_v4.h,35bf4b0a829d,,,,,,
224287,0,0.0,MERGED,3,0.0,3547288,UserInput_2026_EAR2_X17_v4.h,35bf4b0a829d,,,,,,
224288,0,0.0,MERGED,42,0.1,66839155,UserInput_2026_EAR2_X17_v4.h,35bf4b0a829d,,,,,,
224289,0,0.0,MERGED,44,0.1,70400081,UserInput_2026_EAR2_X17_v4.h,35bf4b0a829d,,,,,,
224290,0,0.0,MERGED,42,0.1,67399558,UserInput_2026_EAR2_X17_v4.h,35bf4b0a829d,,,,,,
224291,0,0.0,MERGED,29,0.0,47377738,UserInput_2026_EAR2_X17_v4.h,35bf4b0a829d,,,,,,
224292,0,0.0,MERGED,41,0.1,66263000,UserInput_2026_EAR2_X17_v4.h,35bf4b0a829d,,,,,,
224293,0,0.0,MERGED,39,0.1,64498944,UserInput_2026_EAR2_X17_v4.h,35bf4b0a829d,,,,,,
224294,87,2.7,MERGED,22,0.0,36021181,UserInput_2026_EAR2_X17_v4.h,35bf4b0a829d,,,,,,
224295,0,0.0,MERGED,27,0.0,42704512,UserInput_2026_EAR2_X17_v4.h,35bf4b0a829d,,,,,,
224296,0,0.0,MERGED,31,0.0,51346759,UserInput_2026_EAR2_X17_v4.h,35bf4b0a829d,,,,,,
224297,0,0.0,MERGED,19,0.0,13578835,UserInput_2026_EAR2_X17_v4.h,35bf4b0a829d,,,,,,
224298,0,0.0,MERGED,1,0.0,1004931,UserInput_2026_EAR2_X17_v4.h,35bf4b0a829d,,,,,,
224299,0,0.0,MERGED,4,0.0,5940006,UserInput_2026_EAR2_X17_v4.h,35bf4b0a829d,,,,,,
224300,0,0.0,MERGED,1,0.0,183294,UserInput_2026_EAR2_X17_v4.h,35bf4b0a829d,,,,,,
224301,0,0.0,MERGED,27,0.0,44403701,UserInput_2026_EAR2_X17_v4.h,35bf4b0a829d,,,,,,
224302,154,14.4,MERGED,16,0.1,65322244,UserInput_2026_EAR2_X17_v4.h,35bf4b0a829d,,,,,,
224303,0,0.0,MERGED,39,0.1,65693533,UserInput_2026_EAR2_X17_v4.h,35bf4b0a829d,,,,,,
224304,0,0.0,MERGED,16,0.1,65932941,UserInput_2026_EAR2_X17_v4.h,35bf4b0a829d,,,,,,
224305,0,0.0,MERGED,32,0.1,53978978,UserInput_2026_EAR2_X17_v4.h,35bf4b0a829d,,,,,,
224306,0,0.0,MERGED,37,0.1,63162831,UserInput_2026_EAR2_X17_v4.h,35bf4b0a829d,,,,,,
224307,0,0.0,MERGED,22,0.0,39104914,UserInput_2026_EAR2_X17_v4.h,35bf4b0a829d,,,,,,
224308,0,0.0,MERGED,42,0.1,69729793,UserInput_2026_EAR2_X17_v4.h,35bf4b0a829d,,,,,,
224309,0,0.0,MERGED,34,0.1,57074400,UserInput_2026_EAR2_X17_v4.h,35bf4b0a829d,,,,,,
224310,0,0.0,MERGED,40,0.1,66023585,UserInput_2026_EAR2_X17_v4.h,35bf4b0a829d,,,,,,
224311,0,0.0,MERGED,26,0.0,40769748,UserInput_2026_EAR2_X17_v4.h,35bf4b0a829d,,,,,,
224312,0,0.0,MERGED,44,0.1,65649734,UserInput_2026_EAR2_X17_v4.h,35bf4b0a829d,,,,,,
224313,0,0.0,MERGED,40,0.1,66541539,UserInput_2026_EAR2_X17_v4.h,35bf4b0a829d,,,,,,
224314,0,0.0,MERGED,20,0.0,33387621,UserInput_2026_EAR2_X17_v4.h,35bf4b0a829d,,,,,,
224315,0,0.0,MERGED,37,0.1,62838495,UserInput_2026_EAR2_X17_v4.h,35bf4b0a829d,,,,,,
224316,0,0.0,MERGED,40,0.1,66299978,UserInput_2026_EAR2_X17_v4.h,35bf4b0a829d,,,,,,
224317,0,0.0,MERGED,7,0.0,9475886,UserInput_2026_EAR2_X17_v4.h,35bf4b0a829d,,,,,,
224318,0,0.0,MERGED,45,0.1,66370322,UserInput_2026_EAR2_X17_v4.h,35bf4b0a829d,,,,,,
224319,0,0.0,MERGED,42,0.1,65710735,UserInput_2026_EAR2_X17_v4.h,35bf4b0a829d,,,,,,
224320,0,0.0,MERGED,45,0.1,65684048,UserInput_2026_EAR2_X17_v4.h,35bf4b0a829d,,,,,,
224321,0,0.0,MERGED,40,0.1,64995798,UserInput_2026_EAR2_X17_v4.h,35bf4b0a829d,,,,,,
224322,0,0.0,MERGED,7,0.0,12521058,UserInput_2026_EAR2_X17_v4.h,35bf4b0a829d,,,,,,
224323,0,0.0,MERGED,1,0.0,27236,UserInput_2026_EAR2_X17_v4.h,35bf4b0a829d,,,,,,
224324,0,0.0,MERGED,52,0.0,2458167,UserInput_2026_EAR2_X17_v4.h,35bf4b0a829d,,,,,,
224325,264,3.6,MERGED,66,0.0,3193406,UserInput_2026_EAR2_X17_v4.h,35bf4b0a829d,,,,,,
224326,0,0.0,MERGED,41,0.1,64477461,UserInput_2026_EAR2_X17_v4.h,35bf4b0a829d,,,,,,
224327,173,5.3,MERGED,44,0.1,67606467,UserInput_2026_EAR2_X17_v4.h,35bf4b0a829d,,,,,,
224328,0,0.0,MERGED,46,0.1,65151892,UserInput_2026_EAR2_X17_v4.h,35bf4b0a829d,,,,,,
224329,0,0.0,MERGED,28,0.0,32253402,UserInput_2026_EAR2_X17_v4.h,35bf4b0a829d,,,,,,
224330,0,0.0,MERGED,1,0.0,56363,UserInput_2026_EAR2_X17_v4.h,35bf4b0a829d,,,,,,
224331,0,0.0,MERGED,1,0.0,61468,UserInput_2026_EAR2_X17_v4.h,35bf4b0a829d,,,,,,
224332,0,0.0,MERGED,1,0.0,56591,UserInput_2026_EAR2_X17_v4.h,35bf4b0a829d,,,,,,
224333,0,0.0,MERGED,1,0.0,57361,UserInput_2026_EAR2_X17_v4.h,35bf4b0a829d,,,,,,
224334,0,0.0,MERGED,1,0.0,56192,UserInput_2026_EAR2_X17_v4.h,35bf4b0a829d,,,,,,
224335,0,0.0,MERGED,1,0.0,57313,UserInput_2026_EAR2_X17_v4.h,35bf4b0a829d,,,,,,
224336,0,0.0,MERGED,1,0.0,71677,UserInput_2026_EAR2_X17_v4.h,35bf4b0a829d,,,,,,
224337,0,0.0,MERGED,1,0.0,64357,UserInput_2026_EAR2_X17_v4.h,35bf4b0a829d,,,,,,
224338,0,0.0,MERGED,1,0.0,62889,UserInput_2026_EAR2_X17_v4.h,35bf4b0a829d,,,,,,
224339,0,0.0,MERGED,1,0.0,67114,UserInput_2026_EAR2_X17_v4.h,35bf4b0a829d,,,,,,
224341,0,0.0,MERGED,1,0.0,17545101,UserInput_2026_EAR2_X17_v4.h,35bf4b0a829d,,,,,,
224342,0,0.0,MERGED,1,0.0,8260038,UserInput_2026_EAR2_X17_v4.h,35bf4b0a829d,,,,,,
224343,0,0.0,MERGED,1,0.0,2008431,UserInput_2026_EAR2_X17_v4.h,35bf4b0a829d,,,,,,
224344,0,0.0,MERGED,1,0.0,119740,UserInput_2026_EAR2_X17_v4.h,35bf4b0a829d,,,,,,
224345,152,276.9,MERGED,38,7.0,7469742268,UserInput_2026_EAR2_X17_v4.h,35bf4b0a829d,,,,,,
224346,0,0.0,MERGED,39,8.1,8730228694,UserInput_2026_EAR2_X17_v4.h,35bf4b0a829d,,,,,,
224347,0,0.0,MERGED,42,8.7,9305556695,UserInput_2026_EAR2_X17_v4.h,35bf4b0a829d,,,,,,
224348,0,0.0,MERGED,48,5.9,6279098408,UserInput_2026_EAR2_X17_v4.h,35bf4b0a829d,,,,,,
224349,0,0.0,MERGED,30,3.3,3500485777,UserInput_2026_EAR2_X17_v4.h,35bf4b0a829d,,,,,,
224350,0,0.0,MERGED,1,0.2,172336949,UserInput_2026_EAR2_X17_v4.h,35bf4b0a829d,,,,,,
224351,0,0.0,MERGED,31,7.3,7854260692,UserInput_2026_EAR2_X17_v4.h,35bf4b0a829d,,,,,,
224352,0,0.0,MERGED,2,0.2,208714659,UserInput_2026_EAR2_X17_v4.h,35bf4b0a829d,,,,,,
224353,0,0.0,MERGED,6,0.9,1006706013,UserInput_2026_EAR2_X17_v4.h,35bf4b0a829d,,,,,,
224354,0,0.0,MERGED,6,2.1,2232530673,UserInput_2026_EAR2_X17_v4.h,35bf4b0a829d,,,,,,
224355,0,0.0,MERGED,47,10.6,11362823196,UserInput_2026_EAR2_X17_v4.h,35bf4b0a829d,,,,,,
224356,0,0.0,MERGED,43,10.6,11398077863,UserInput_2026_EAR2_X17_v4.h,35bf4b0a829d,,,,,,
224357,0,0.0,MERGED,42,9.7,10408147275,UserInput_2026_EAR2_X17_v4.h,35bf4b0a829d,,,,,,
224358,0,0.0,MERGED,41,9.0,9701937506,UserInput_2026_EAR2_X17_v4.h,35bf4b0a829d,,,,,,
224359,0,0.0,MERGED,18,9.7,10370590575,UserInput_2026_EAR2_X17_v4.h,35bf4b0a829d,,,,,,
224360,0,0.0,MERGED,7,1.7,1802955550,UserInput_2026_EAR2_X17_v4.h,35bf4b0a829d,,,,,,
224361,0,0.0,MERGED,41,13.5,14497213432,UserInput_2026_EAR2_X17_v4.h,35bf4b0a829d,,,,,,
224362,0,0.0,MERGED,43,13.3,14268825486,UserInput_2026_EAR2_X17_v4.h,35bf4b0a829d,,,,,,
224363,0,0.0,MERGED,46,14.5,15572325808,UserInput_2026_EAR2_X17_v4.h,35bf4b0a829d,,,,,,
224364,34,91.8,MERGED,9,2.7,2905706660,UserInput_2026_EAR2_X17_v4.h,35bf4b0a829d,,,,,,
224365,0,0.0,MERGED,43,13.8,14863707881,UserInput_2026_EAR2_X17_v4.h,35bf4b0a829d,,,,,,
224366,0,0.0,MERGED,43,13.4,14440831519,UserInput_2026_EAR2_X17_v4.h,35bf4b0a829d,,,,,,
224367,0,0.0,MERGED,43,13.0,13946545833,UserInput_2026_EAR2_X17_v4.h,35bf4b0a829d,,,,,,
224368,0,0.0,MERGED,48,14.9,16022280721,UserInput_2026_EAR2_X17_v4.h,35bf4b0a829d,,,,,,
224369,0,0.0,MERGED,42,14.5,15591700467,UserInput_2026_EAR2_X17_v4.h,35bf4b0a829d,,,,,,
224370,0,0.0,MERGED,40,11.0,11816156330,UserInput_2026_EAR2_X17_v4.h,35bf4b0a829d,,,,,,
224371,0,0.0,MERGED,51,14.2,15279270667,UserInput_2026_EAR2_X17_v4.h,35bf4b0a829d,,,,,,
224372,0,0.0,MERGED,51,17.7,18971334376,UserInput_2026_EAR2_X17_v4.h,35bf4b0a829d,,,,,,
224373,0,0.0,MERGED,40,13.7,14727195024,UserInput_2026_EAR2_X17_v4.h,35bf4b0a829d,,,,,,
224374,0,0.0,MERGED,41,13.4,14361290721,UserInput_2026_EAR2_X17_v4.h,35bf4b0a829d,,,,,,
224375,0,0.0,MERGED,17,13.6,14601068195,UserInput_2026_EAR2_X17_v4.h,35bf4b0a829d,,,,,,
224376,0,0.0,MERGED,16,14.5,15550857200,UserInput_2026_EAR2_X17_v4.h,35bf4b0a829d,,,,,,
224377,0,0.0,MERGED,11,3.3,3552367648,UserInput_2026_EAR2_X17_v4.h,35bf4b0a829d,,,,,,
224379,0,0.0,MERGED,1,0.2,168896378,UserInput_2026_EAR2_X17_v4.h,35bf4b0a829d,,,,,,
224380,0,0.0,MERGED,1,0.0,5755846,UserInput_2026_EAR2_X17_v4.h,35bf4b0a829d,,,,,,
224381,0,0.0,MERGED,11,3.9,4188499902,UserInput_2026_EAR2_X17_v4.h,35bf4b0a829d,,,,,,
224382,0,0.0,MERGED,2,0.1,80254241,UserInput_2026_EAR2_X17_v4.h,35bf4b0a829d,,,,,,
224383,0,0.0,MERGED,1,0.0,5006275,UserInput_2026_EAR2_X17_v4.h,35bf4b0a829d,,,,,,
224384,0,0.0,MERGED,1,0.0,2623282,UserInput_2026_EAR2_X17_v4.h,35bf4b0a829d,,,,,,
224385,0,0.0,MERGED,1,0.0,4277129,UserInput_2026_EAR2_X17_v4.h,35bf4b0a829d,,,,,,
224386,0,0.0,MERGED,1,0.0,3792068,UserInput_2026_EAR2_X17_v4.h,35bf4b0a829d,,,,,,
224387,0,0.0,MERGED,1,0.0,5723422,UserInput_2026_EAR2_X17_v4.h,35bf4b0a829d,,,,,,
224388,0,0.0,MERGED,1,0.0,11926253,UserInput_2026_EAR2_X17_v4.h,35bf4b0a829d,,,,,,
224389,0,0.0,MERGED,1,0.0,9322890,UserInput_2026_EAR2_X17_v4.h,35bf4b0a829d,,,,,,
224390,0,0.0,MERGED,1,0.0,2387481,UserInput_2026_EAR2_X17_v4.h,35bf4b0a829d,,,,,,
224391,0,0.0,MERGED,1,0.0,1453090,UserInput_2026_EAR2_X17_v4.h,35bf4b0a829d,,,,,,
224392,0,0.0,MERGED,1,0.0,1850858,UserInput_2026_EAR2_X17_v4.h,35bf4b0a829d,,,,,,
224393,0,0.0,MERGED,1,0.0,2920291,UserInput_2026_EAR2_X17_v4.h,35bf4b0a829d,,,,,,
224394,0,0.0,MERGED,1,0.0,2090576,UserInput_2026_EAR2_X17_v4.h,35bf4b0a829d,,,,,,
224398,0,0.0,MERGED,1,0.0,3255550,UserInput_2026_EAR2_X17_v4.h,35bf4b0a829d,,,,,,
224399,0,0.0,MERGED,1,0.0,25508259,UserInput_2026_EAR2_X17_v4.h,35bf4b0a829d,,,,,,
224400,0,0.0,MERGED,2,1.2,1278523133,UserInput_2026_EAR2_X17_v4.h,35bf4b0a829d,,,,,,
224401,0,0.0,MERGED,32,20.8,22359721964,UserInput_2026_EAR2_X17_v4.h,35bf4b0a829d,,,,,,
224402,0,0.0,MERGED,45,28.2,30300800624,UserInput_2026_EAR2_X17_v4.h,35bf4b0a829d,,,,,,
224403,0,0.0,MERGED,40,19.8,21269838916,UserInput_2026_EAR2_X17_v4.h,35bf4b0a829d,,,,,,
224404,0,0.0,MERGED,48,25.4,27275299360,UserInput_2026_EAR2_X17_v4.h,35bf4b0a829d,,,,,,
224405,0,0.0,MERGE_EMPTY,17,25.7,0,UserInput_2026_EAR2_X17_v4.h,35bf4b0a829d,,,,,,
224406,0,0.0,MERGED,39,26.0,27869424188,UserInput_2026_EAR2_X17_v4.h,35bf4b0a829d,,,,,,
224407,0,0.0,MERGED,14,10.6,11383686132,UserInput_2026_EAR2_X17_v4.h,35bf4b0a829d,,,,,,
224408,0,0.0,MERGED,1,0.0,2123706,UserInput_2026_EAR2_X17_v4.h,35bf4b0a829d,,,,,,
224409,0,0.0,MERGED,1,0.0,714154,UserInput_2026_EAR2_X17_v4.h,35bf4b0a829d,,,,,,
224410,0,0.0,MERGED,1,0.0,560947,UserInput_2026_EAR2_X17_v4.h,35bf4b0a829d,,,,,,
224411,0,0.0,MERGED,1,0.0,577885,UserInput_2026_EAR2_X17_v4.h,35bf4b0a829d,,,,,,
224412,0,0.0,MERGED,1,0.0,646936,UserInput_2026_EAR2_X17_v4.h,35bf4b0a829d,,,,,,
224413,0,0.0,MERGED,1,0.0,620053,UserInput_2026_EAR2_X17_v4.h,35bf4b0a829d,,,,,,
224414,0,0.0,MERGED,1,0.0,630300,UserInput_2026_EAR2_X17_v4.h,35bf4b0a829d,,,,,,
224415,0,0.0,MERGED,1,0.0,627981,UserInput_2026_EAR2_X17_v4.h,35bf4b0a829d,,,,,,
224416,0,0.0,MERGED,1,0.0,593798,UserInput_2026_EAR2_X17_v4.h,35bf4b0a829d,,,,,,
224417,0,0.0,MERGED,1,0.0,618519,UserInput_2026_EAR2_X17_v4.h,35bf4b0a829d,,,,,,
224418,0,0.0,MERGED,1,0.0,648075,UserInput_2026_EAR2_X17_v4.h,35bf4b0a829d,,,,,,
224419,0,0.0,MERGED,1,0.0,588912,UserInput_2026_EAR2_X17_v4.h,35bf4b0a829d,,,,,,
224420,0,0.0,MERGED,1,0.0,513988,UserInput_2026_EAR2_X17_v4.h,35bf4b0a829d,,,,,,
224421,0,0.0,MERGED,1,0.0,478509,UserInput_2026_EAR2_X17_v4.h,35bf4b0a829d,,,,,,
224422,0,0.0,MERGED,1,0.0,258043,UserInput_2026_EAR2_X17_v4.h,35bf4b0a829d,,,,,,
224423,0,0.0,MERGED,1,0.0,201613,UserInput_2026_EAR2_X17_v4.h,35bf4b0a829d,,,,,,
224424,0,0.0,MERGED,1,0.0,461037,UserInput_2026_EAR2_X17_v4.h,35bf4b0a829d,,,,,,
224425,0,0.0,MERGED,1,0.0,518633,UserInput_2026_EAR2_X17_v4.h,35bf4b0a829d,,,,,,
224426,0,0.0,MERGED,1,0.0,233536,UserInput_2026_EAR2_X17_v4.h,35bf4b0a829d,,,,,,
224427,0,0.0,MERGED,1,0.0,515819,UserInput_2026_EAR2_X17_v4.h,35bf4b0a829d,,,,,,
224428,0,0.0,MERGED,1,0.0,460049,UserInput_2026_EAR2_X17_v4.h,35bf4b0a829d,,,,,,
224429,0,0.0,MERGED,1,0.0,776402,UserInput_2026_EAR2_X17_v4.h,35bf4b0a829d,,,,,,
224430,0,0.0,MERGED,1,0.0,303893,UserInput_2026_EAR2_X17_v4.h,35bf4b0a829d,,,,,,
224431,0,0.0,MERGED,1,0.0,364212,UserInput_2026_EAR2_X17_v4.h,35bf4b0a829d,,,,,,
224432,0,0.0,MERGED,1,0.0,8071023,UserInput_2026_EAR2_X17_v4.h,35bf4b0a829d,,,,,,
224433,0,0.0,MERGED,1,0.0,174375,UserInput_2026_EAR2_X17_v4.h,35bf4b0a829d,,,,,,
224434,0,0.0,MERGED,1,0.0,137437,UserInput_2026_EAR2_X17_v4.h,35bf4b0a829d,,,,,,
224435,0,0.0,MERGED,1,0.0,94046,UserInput_2026_EAR2_X17_v4.h,35bf4b0a829d,,,,,,
224436,0,0.0,MERGED,1,0.0,154767,UserInput_2026_EAR2_X17_v4.h,35bf4b0a829d,,,,,,
224437,0,0.0,MERGED,1,0.0,238810,UserInput_2026_EAR2_X17_v4.h,35bf4b0a829d,,,,,,
224438,0,0.0,MERGED,1,0.0,258140,UserInput_2026_EAR2_X17_v4.h,35bf4b0a829d,,,,,,
224439,0,0.0,MERGED,1,0.0,235227,UserInput_2026_EAR2_X17_v4.h,35bf4b0a829d,,,,,,
224440,0,0.0,MERGED,2,0.0,6173837,UserInput_2026_EAR2_X17_v4.h,35bf4b0a829d,,,,,,
224441,0,0.0,MERGED,1,0.0,507872,UserInput_2026_EAR2_X17_v4.h,35bf4b0a829d,,,,,,
224442,0,0.0,MERGED,1,0.0,320068,UserInput_2026_EAR2_X17_v4.h,35bf4b0a829d,,,,,,
224443,0,0.0,MERGED,1,0.0,467851,UserInput_2026_EAR2_X17_v4.h,35bf4b0a829d,,,,,,
224444,0,0.0,MERGED,1,0.0,264315,UserInput_2026_EAR2_X17_v4.h,35bf4b0a829d,,,,,,
224445,0,0.0,MERGED,1,0.0,418085,UserInput_2026_EAR2_X17_v4.h,35bf4b0a829d,,,,,,
224446,0,0.0,MERGED,1,0.0,445849,UserInput_2026_EAR2_X17_v4.h,35bf4b0a829d,,,,,,
224447,0,0.0,MERGED,1,0.0,437609,UserInput_2026_EAR2_X17_v4.h,35bf4b0a829d,,,,,,
224448,0,0.0,MERGED,1,0.0,424607,UserInput_2026_EAR2_X17_v4.h,35bf4b0a829d,,,,,,
224449,0,0.0,MERGED,1,0.0,433063,UserInput_2026_EAR2_X17_v4.h,35bf4b0a829d,,,,,,
224450,0,0.0,MERGED,5,6.1,6595180268,UserInput_2026_EAR2_X17_v4.h,35bf4b0a829d,,,,,,
224451,0,0.0,PARTIALS_ONLY,51,63.2,-1,UserInput_2026_EAR2_X17_v4.h,35bf4b0a829d,,,,,,
224452,0,0.0,PARTIALS_ONLY,53,67.5,-1,UserInput_2026_EAR2_X17_v4.h,35bf4b0a829d,,,,,,
224453,0,0.0,PARTIALS_ONLY,54,70.3,-1,UserInput_2026_EAR2_X17_v4.h,35bf4b0a829d,,,,,,
224454,0,0.0,IN_FLIGHT,1,0.1,-1,UserInput_2026_EAR2_X17_v4.h,35bf4b0a829d,,,,,,
224455,0,0.0,MERGED,9,1.2,1299612943,UserInput_2026_EAR2_X17_v4.h,35bf4b0a829d,,,,,,
224456,0,0.0,MERGED,1,0.5,508411035,UserInput_2026_EAR2_X17_v4.h,35bf4b0a829d,,,,,,
224457,0,0.0,MERGED,36,24.6,26436101568,UserInput_2026_EAR2_X17_v4.h,35bf4b0a829d,,,,,,
224458,0,0.0,MERGED,39,26.1,27976713722,UserInput_2026_EAR2_X17_v4.h,35bf4b0a829d,,,,,,
224459,0,0.0,MERGED,42,25.0,26888216305,UserInput_2026_EAR2_X17_v4.h,35bf4b0a829d,,,,,,
224460,0,0.0,MERGED,51,31.5,33832301042,UserInput_2026_EAR2_X17_v4.h,35bf4b0a829d,,,,,,
224461,0,0.0,IN_FLIGHT,47,33.2,-1,UserInput_2026_EAR2_X17_v4.h,35bf4b0a829d,,,,,,
224462,0,0.0,MERGED,35,24.8,26683701801,UserInput_2026_EAR2_X17_v4.h,35bf4b0a829d,,,,,,
224463,0,0.0,MERGED,9,5.8,6231847614,UserInput_2026_EAR2_X17_v4.h,35bf4b0a829d,,,,,,
224464,0,0.0,MERGED,34,24.4,26225408740,UserInput_2026_EAR2_X17_v4.h,35bf4b0a829d,,,,,,
224466,0,0.0,MERGED,11,21.8,23437902077,UserInput_2026_EAR2_X17_v4.h,35bf4b0a829d,,,,,,
224467,0,0.0,MERGED,9,5.4,5758107546,UserInput_2026_EAR2_X17_v4.h,35bf4b0a829d,,,,,,
224468,0,0.0,MERGED,16,2.0,2184061421,UserInput_2026_EAR2_X17_v4.h,35bf4b0a829d,,,,,,
224469,0,0.0,MERGED,1,0.0,47962762,UserInput_2026_EAR2_X17_v4.h,35bf4b0a829d,,,,,,
224470,0,0.0,MERGED,44,15.2,16337447272,UserInput_2026_EAR2_X17_v4.h,35bf4b0a829d,,,,,,
224471,0,0.0,MERGED,10,8.1,8735940063,UserInput_2026_EAR2_X17_v4.h,35bf4b0a829d,,,,,,
224472,0,0.0,MERGED,51,0.1,99318545,UserInput_2026_EAR2_X17_v4.h,35bf4b0a829d,,,,,,
224473,0,0.0,MERGED,45,14.6,15708111622,UserInput_2026_EAR2_X17_v4.h,35bf4b0a829d,,,,,,
224474,87,92.7,MERGED,22,7.2,7726620828,UserInput_2026_EAR2_X17_v4.h,35bf4b0a829d,,,,,,
224476,0,0.0,MERGED,19,0.4,411055759,UserInput_2026_EAR2_X17_v4.h,35bf4b0a829d,,,,,,
224477,0,0.0,MERGED,19,0.5,552732293,UserInput_2026_EAR2_X17_v4.h,35bf4b0a829d,,,,,,
224478,0,0.0,MERGED,19,0.4,477533413,UserInput_2026_EAR2_X17_v4.h,35bf4b0a829d,,,,,,
224479,0,0.0,MERGED,19,0.5,566429571,UserInput_2026_EAR2_X17_v4.h,35bf4b0a829d,,,,,,
224480,0,0.0,MERGED,1,0.0,13080208,UserInput_2026_EAR2_X17_v4.h,35bf4b0a829d,,,,,,
224481,0,0.0,MERGED,42,24.3,26093503997,UserInput_2026_EAR2_X17_v4.h,35bf4b0a829d,,,,,,
224482,0,0.0,MERGED,1,0.2,212596342,UserInput_2026_EAR2_X17_v4.h,35bf4b0a829d,,,,,,
224483,0,0.0,MERGED,1,0.1,101964148,UserInput_2026_EAR2_X17_v4.h,35bf4b0a829d,,,,,,
224484,0,0.0,MERGED,1,0.0,451164,UserInput_2026_EAR2_X17_v4.h,35bf4b0a829d,,,,,,
224485,0,0.0,MERGED,1,0.0,411781,UserInput_2026_EAR2_X17_v4.h,35bf4b0a829d,,,,,,
224486,0,0.0,MERGED,1,0.0,620731,UserInput_2026_EAR2_X17_v4.h,35bf4b0a829d,,,,,,
224487,0,0.0,MERGED,1,0.0,520418,UserInput_2026_EAR2_X17_v4.h,35bf4b0a829d,,,,,,
224488,0,0.0,MERGED,3,1.2,1293744117,UserInput_2026_EAR2_X17_v4.h,35bf4b0a829d,,,,,,
224489,0,0.0,MERGED,22,18.4,19707418719,UserInput_2026_EAR2_X17_v4.h,35bf4b0a829d,,,,,,
224490,0,0.0,MERGED,30,21.1,22630631982,UserInput_2026_EAR2_X17_v4.h,35bf4b0a829d,,,,,,
224491,120,304.6,MERGED,30,23.5,25272850870,UserInput_2026_EAR2_X17_v4.h,35bf4b0a829d,,,,,,
224492,0,0.0,MERGED,16,29.4,31578230290,UserInput_2026_EAR2_X17_v4.h,35bf4b0a829d,,,,,,
224493,0,0.0,MERGED,16,29.6,31794048634,UserInput_2026_EAR2_X17_v4.h,35bf4b0a829d,,,,,,
224494,0,0.0,MERGED,32,23.1,24798267380,UserInput_2026_EAR2_X17_v4.h,35bf4b0a829d,,,,,,
224495,0,0.0,MERGED,1,0.0,1326137,UserInput_2026_EAR2_X17_v4.h,35bf4b0a829d,,,,,,
224496,0,0.0,MERGED,1,0.0,662076,UserInput_2026_EAR2_X17_v4.h,35bf4b0a829d,,,,,,
224498,0,0.0,MERGED,42,29.9,32135047028,UserInput_2026_EAR2_X17_v4.h,35bf4b0a829d,,,,,,
224499,0,0.0,IN_FLIGHT,17,13.0,-1,UserInput_2026_EAR2_X17_v4.h,35bf4b0a829d,,,,,,
224500,0,0.0,IN_FLIGHT,26,19.2,-1,UserInput_2026_EAR2_X17_v4.h,35bf4b0a829d,,,,,,
224501,0,0.0,MERGED,41,29.7,31907994054,UserInput_2026_EAR2_X17_v4.h,35bf4b0a829d,,,,,,
224502,0,0.0,MERGED,43,31.6,33955149584,UserInput_2026_EAR2_X17_v4.h,35bf4b0a829d,,,,,,
224503,0,0.0,MERGED,42,31.4,33706219151,UserInput_2026_EAR2_X17_v4.h,35bf4b0a829d,,,,,,
224504,0,0.0,MERGED,42,31.0,33251118633,UserInput_2026_EAR2_X17_v4.h,35bf4b0a829d,,,,,,
224505,0,0.0,MERGED,40,29.8,31974970817,UserInput_2026_EAR2_X17_v4.h,35bf4b0a829d,,,,,,
224506,0,0.0,MERGED,41,30.2,32468137781,UserInput_2026_EAR2_X17_v4.h,35bf4b0a829d,,,,,,
224507,0,0.0,MERGED,17,30.0,32261326813,UserInput_2026_EAR2_X17_v4.h,35bf4b0a829d,,,,,,
224508,0,0.0,IN_FLIGHT,33,24.5,-1,UserInput_2026_EAR2_X17_v4.h,35bf4b0a829d,,,,,,
224509,0,0.0,MERGED,45,33.4,35870672980,UserInput_2026_EAR2_X17_v4.h,35bf4b0a829d,,,,,,
224510,0,0.0,MERGED,42,30.8,33099600103,UserInput_2026_EAR2_X17_v4.h,35bf4b0a829d,,,,,,
224511,0,0.0,MERGED,33,24.1,25875722243,UserInput_2026_EAR2_X17_v4.h,35bf4b0a829d,,,,,,
224512,0,0.0,MERGED,6,4.3,4653841299,UserInput_2026_EAR2_X17_v4.h,35bf4b0a829d,,,,,,
224513,0,0.0,MERGED,27,20.3,21754189176,UserInput_2026_EAR2_X17_v4.h,35bf4b0a829d,,,,,,
224514,0,0.0,MERGED,1,0.0,4440976,UserInput_2026_EAR2_X17_v4.h,35bf4b0a829d,,,,,,
224515,0,0.0,MERGED,1,0.0,174004,UserInput_2026_EAR2_X17_v4.h,35bf4b0a829d,,,,,,
224516,174,318.1,MERGED,44,29.3,31511324364,UserInput_2026_EAR2_X17_v4.h,35bf4b0a829d,,,,,,
224517,0,0.0,MERGED,43,31.4,33729021836,UserInput_2026_EAR2_X17_v4.h,35bf4b0a829d,,,,,,
224518,0,0.0,MERGED,46,33.9,36364054610,UserInput_2026_EAR2_X17_v4.h,35bf4b0a829d,,,,,,
224519,0,0.0,MERGED,44,32.4,34738049985,UserInput_2026_EAR2_X17_v4.h,35bf4b0a829d,,,,,,
224520,0,0.0,MERGED,40,29.6,31736275676,UserInput_2026_EAR2_X17_v4.h,35bf4b0a829d,,,,,,
224521,0,0.0,MERGED,40,29.8,31961240685,UserInput_2026_EAR2_X17_v4.h,35bf4b0a829d,,,,,,
224522,0,0.0,MERGED,3,4.1,4381081635,UserInput_2026_EAR2_X17_v4.h,35bf4b0a829d,,,,,,
224523,0,0.0,MERGED,4,2.5,2673219247,UserInput_2026_EAR2_X17_v4.h,35bf4b0a829d,,,,,,
224524,0,0.0,MERGED,37,26.0,27912446537,UserInput_2026_EAR2_X17_v4.h,35bf4b0a829d,,,,,,
224525,0,0.0,MERGED,46,30.5,32718507836,UserInput_2026_EAR2_X17_v4.h,35bf4b0a829d,,,,,,
224526,22,38.3,MERGED,6,3.8,4041089083,UserInput_2026_EAR2_X17_v4.h,35bf4b0a829d,,,,,,
224527,0,0.0,MERGED,42,25.5,27399798809,UserInput_2026_EAR2_X17_v4.h,35bf4b0a829d,,,,,,
224528,0,0.0,MERGED,44,24.8,26602894986,UserInput_2026_EAR2_X17_v4.h,35bf4b0a829d,,,,,,
224529,0,0.0,MERGED,48,25.6,27448015780,UserInput_2026_EAR2_X17_v4.h,35bf4b0a829d,,,,,,
224530,0,0.0,MERGED,1,0.8,813089586,UserInput_2026_EAR2_X17_v4.h,35bf4b0a829d,,,,,,
224531,12,28.0,MERGED,9,7.2,7763996085,UserInput_2026_EAR2_X17_v4.h,35bf4b0a829d,,,,,,
224532,2,0.6,MERGED,1,0.1,98314747,UserInput_2026_EAR2_X17_v4.h,35bf4b0a829d,,,,,,
224533,0,0.0,MERGED,35,24.1,25884677983,UserInput_2026_EAR2_X17_v4.h,35bf4b0a829d,,,,,,
224534,0,0.0,MERGED,25,16.9,18119279698,UserInput_2026_EAR2_X17_v4.h,35bf4b0a829d,,,,,,
224535,0,0.0,MERGED,1,0.0,35525756,UserInput_2026_EAR2_X17_v4.h,35bf4b0a829d,,,,,,
224536,0,0.0,MERGED,1,0.0,137664,UserInput_2026_EAR2_X17_v4.h,35bf4b0a829d,,,,,,
224537,0,0.0,MERGED,2,2.7,2950877683,UserInput_2026_EAR2_X17_v4.h,35bf4b0a829d,,,,,,
224538,0,0.0,MERGED,7,4.8,5122083104,UserInput_2026_EAR2_X17_v4.h,35bf4b0a829d,,,,,,
224539,0,0.0,MERGED,35,24.4,26219116057,UserInput_2026_EAR2_X17_v4.h,35bf4b0a829d,,,,,,
224540,151,391.5,MERGED,38,30.7,32954476610,UserInput_2026_EAR2_X17_v4.h,35bf4b0a829d,,,,,,
224541,0,0.0,MERGED,35,28.3,30387829139,UserInput_2026_EAR2_X17_v4.h,35bf4b0a829d,,,,,,
224542,0,0.0,MERGED,15,30.4,32696712091,UserInput_2026_EAR2_X17_v4.h,35bf4b0a829d,,,,,,
224543,0,0.0,MERGED,36,32.0,34330863160,UserInput_2026_EAR2_X17_v4.h,35bf4b0a829d,,,,,,
224544,0,0.0,MERGED,17,14.8,15939030062,UserInput_2026_EAR2_X17_v4.h,35bf4b0a829d,,,,,,
224545,0,0.0,MERGED,35,30.2,32479090417,UserInput_2026_EAR2_X17_v4.h,35bf4b0a829d,,,,,,
224546,0,0.0,MERGED,33,28.9,30981509409,UserInput_2026_EAR2_X17_v4.h,35bf4b0a829d,,,,,,
224547,0,0.0,IN_FLIGHT,22,19.5,-1,UserInput_2026_EAR2_X17_v4.h,35bf4b0a829d,,,,,,
224548,0,0.0,MERGED,33,29.2,31322388035,UserInput_2026_EAR2_X17_v4.h,35bf4b0a829d,,,,,,
224549,0,0.0,IN_FLIGHT,27,23.9,-1,UserInput_2026_EAR2_X17_v4.h,35bf4b0a829d,,,,,,
224550,0,0.0,MERGED,17,15.1,16187785465,UserInput_2026_EAR2_X17_v4.h,35bf4b0a829d,,,,,,
224551,0,0.0,MERGED,12,28.0,30077634261,UserInput_2026_EAR2_X17_v4.h,35bf4b0a829d,,,,,,
224552,0,0.0,MERGED,6,4.6,4961400051,UserInput_2026_EAR2_X17_v4.h,35bf4b0a829d,,,,,,
224553,0,0.0,MERGED,10,8.2,8818166592,UserInput_2026_EAR2_X17_v4.h,35bf4b0a829d,,,,,,
224554,0,0.0,MERGED,29,24.9,26790730653,UserInput_2026_EAR2_X17_v4.h,35bf4b0a829d,,,,,,
224555,0,0.0,MERGED,16,13.0,13959783589,UserInput_2026_EAR2_X17_v4.h,35bf4b0a829d,,,,,,
224556,0,0.0,MERGED,35,29.3,31461223315,UserInput_2026_EAR2_X17_v4.h,35bf4b0a829d,,,,,,
224557,0,0.0,IN_FLIGHT,27,23.1,-1,UserInput_2026_EAR2_X17_v4.h,35bf4b0a829d,,,,,,
224558,0,0.0,IN_FLIGHT,25,21.4,-1,UserInput_2026_EAR2_X17_v4.h,35bf4b0a829d,,,,,,
224559,0,0.0,MERGED,34,29.8,32040423057,UserInput_2026_EAR2_X17_v4.h,35bf4b0a829d,,,,,,
224560,0,0.0,IN_FLIGHT,23,17.3,-1,UserInput_2026_EAR2_X17_v4.h,35bf4b0a829d,,,,,,
224561,0,0.0,MERGED,40,31.4,33734119698,UserInput_2026_EAR2_X17_v4.h,35bf4b0a829d,,,,,,
224562,0,0.0,MERGED,42,31.3,33651848311,UserInput_2026_EAR2_X17_v4.h,35bf4b0a829d,,,,,,
224563,0,0.0,MERGED,45,31.5,33855125695,UserInput_2026_EAR2_X17_v4.h,35bf4b0a829d,,,,,,
224564,0,0.0,MERGED,38,29.7,31921404560,UserInput_2026_EAR2_X17_v4.h,35bf4b0a829d,,,,,,
224565,0,0.0,IN_FLIGHT,28,21.9,-1,UserInput_2026_EAR2_X17_v4.h,35bf4b0a829d,,,,,,
224566,0,0.0,MERGED,4,8.0,18920274432,UserInput_2026_EAR2_X17_v4.h,35bf4b0a829d,,,,,,
224567,0,0.0,MERGED,25,19.7,21102186902,UserInput_2026_EAR2_X17_v4.h,35bf4b0a829d,,,,,,
224568,0,0.0,MERGED,37,28.5,30598647957,UserInput_2026_EAR2_X17_v4.h,35bf4b0a829d,,,,,,
224569,0,0.0,MERGED,0,0.0,32199481248,,,,,,,,
224570,0,0.0,MERGED,39,30.0,32202622032,UserInput_2026_EAR2_X17_v4.h,35bf4b0a829d,,,,,,
224571,0,0.0,MERGED,38,29.6,31777536248,UserInput_2026_EAR2_X17_v4.h,35bf4b0a829d,,,,,,
224572,0,0.0,MERGED,38,30.0,32190934593,UserInput_2026_EAR2_X17_v4.h,35bf4b0a829d,v12_liqpileup,16,30.0,v12_liqpileup,35bf4b0a829d,v12_liqpileup v10_pssfit_step v11_pssfit_width v13_liqexpand v1_flash v2_elim v3_shapes v4_walshapes v5_liqshort v6_lowthr v7_step v8_pssfit v9_liqaug
224573,0,0.0,MERGED,39,30.7,33008980125,UserInput_2026_EAR2_X17_v4.h,35bf4b0a829d,prod_v11,16,29.3,v11_pssfit_width,1be9a5686df4,prod_v11
224574,0,0.0,MERGED,38,30.1,32299038287,UserInput_2026_EAR2_X17_v4.h,35bf4b0a829d,prod_v11,16,28.6,v11_pssfit_width,1be9a5686df4,prod_v11
224575,0,0.0,MERGED,5,3.0,3228178521,UserInput_2026_EAR2_X17_v4.h,35bf4b0a829d,prod_v11,2,2.9,v11_pssfit_width,1be9a5686df4,prod_v11
224576,0,0.0,IN_FLIGHT,21,16.4,-1,UserInput_2026_EAR2_X17_v4.h,35bf4b0a829d,prod_v11,15,28.7,v11_pssfit_width,1be9a5686df4,prod_v11
224577,0,0.0,MERGED,42,30.9,33176881121,UserInput_2026_EAR2_X17_v4.h,35bf4b0a829d,prod_v11,17,29.4,v11_pssfit_width,1be9a5686df4,prod_v11
224578,0,0.0,MERGED,18,13.4,14415150420,UserInput_2026_EAR2_X17_v4.h,35bf4b0a829d,prod_v11,8,12.8,v11_pssfit_width,1be9a5686df4,prod_v11
224579,0,0.0,MERGED,1,0.0,298387,UserInput_2026_EAR2_X17_v4.h,35bf4b0a829d,prod_v11,1,0.0,v11_pssfit_width,1be9a5686df4,prod_v11
224580,0,0.0,MERGED,16,10.5,11277927985,UserInput_2026_EAR2_X17_v4.h,35bf4b0a829d,,,,,,
224581,0,0.0,MERGED,9,6.3,6773125669,UserInput_2026_EAR2_X17_v4.h,35bf4b0a829d,,,,,,
224582,0,0.0,MERGED,2,3.4,3661571216,UserInput_2026_EAR2_X17_v4.h,35bf4b0a829d,,,,,,
224583,0,0.0,MERGED,40,30.0,32174484328,UserInput_2026_EAR2_X17_v4.h,35bf4b0a829d,,,,,,
224584,0,0.0,MERGED,40,30.0,32168063489,UserInput_2026_EAR2_X17_v4.h,35bf4b0a829d,,,,,,
224585,0,0.0,MERGED,42,31.2,33472162941,UserInput_2026_EAR2_X17_v4.h,35bf4b0a829d,,,,,,
224586,0,0.0,MERGED,40,31.3,33572631054,UserInput_2026_EAR2_X17_v4.h,35bf4b0a829d,,,,,,
224587,0,0.0,MERGED,15,11.3,12088903568,UserInput_2026_EAR2_X17_v4.h,35bf4b0a829d,,,,,,
224588,0,0.0,MERGED,8,0.4,465483511,UserInput_2026_EAR2_X17_v4.h,35bf4b0a829d,,,,,,
224589,0,0.0,MERGED,8,0.4,475924437,UserInput_2026_EAR2_X17_v4.h,35bf4b0a829d,,,,,,
224590,0,0.0,MERGED,8,0.5,496088056,UserInput_2026_EAR2_X17_v4.h,35bf4b0a829d,,,,,,
224591,0,0.0,MERGED,8,0.5,555081264,UserInput_2026_EAR2_X17_v4.h,35bf4b0a829d,,,,,,
224592,0,0.0,MERGED,8,0.5,517043006,UserInput_2026_EAR2_X17_v4.h,35bf4b0a829d,,,,,,
224593,0,0.0,MERGED,8,0.5,522462073,UserInput_2026_EAR2_X17_v4.h,35bf4b0a829d,,,,,,
224594,0,0.0,MERGED,8,0.5,572077414,UserInput_2026_EAR2_X17_v4.h,35bf4b0a829d,,,,,,
224595,0,0.0,MERGED,4,0.5,515416685,UserInput_2026_EAR2_X17_v4.h,35bf4b0a829d,,,,,,
224596,0,0.0,MERGED,8,0.3,277721240,UserInput_2026_EAR2_X17_v4.h,35bf4b0a829d,,,,,,
224597,161,514.3,MERGED,41,32.4,34747817243,UserInput_2026_EAR2_X17_v4.h,35bf4b0a829d,,,,,,
224598,70,222.1,MERGED,18,13.2,14137607683,UserInput_2026_EAR2_X17_v4.h,35bf4b0a829d,,,,,,
224599,6,14.1,MERGED,2,0.7,793973625,UserInput_2026_EAR2_X17_v4.h,35bf4b0a829d,,,,,,
224600,175,497.7,MERGED,44,33.6,36064787396,UserInput_2026_EAR2_X17_v4.h,35bf4b0a829d,,,,,,
224601,178,464.9,MERGED,45,33.6,36080155935,UserInput_2026_EAR2_X17_v4.h,35bf4b0a829d,,,,,,
224602,91,232.2,MERGED,10,16.8,18059835379,UserInput_2026_EAR2_X17_v4.h,35bf4b0a829d,,,,,,
224603,153,375.0,MERGED,39,27.2,29260197471,UserInput_2026_EAR2_X17_v4.h,35bf4b0a829d,,,,,,
224604,168,419.1,MERGED,42,31.0,33296032884,UserInput_2026_EAR2_X17_v4.h,35bf4b0a829d,,,,,,
224605,71,182.7,MERGED,18,12.9,13817064108,UserInput_2026_EAR2_X17_v4.h,35bf4b0a829d,,,,,,
224606,164,500.4,MERGED,41,31.6,33947247972,UserInput_2026_EAR2_X17_v4.h,35bf4b0a829d,,,,,,
224607,59,172.8,MERGED,15,7.5,8039048683,UserInput_2026_EAR2_X17_v4.h,35bf4b0a829d,,,,,,
224608,201,136.5,MERGED,51,0.2,216548902,UserInput_2026_EAR2_X17_v4.h,35bf4b0a829d,,,,,,
224609,193,165.8,MERGED,49,0.2,217169435,UserInput_2026_EAR2_X17_v4.h,35bf4b0a829d,,,,,,
224610,310,270.7,MERGED,78,0.3,347174446,UserInput_2026_EAR2_X17_v4.h,35bf4b0a829d,,,,,,
224611,219,189.2,MERGED,55,0.2,244075528,UserInput_2026_EAR2_X17_v4.h,35bf4b0a829d,,,,,,
224612,411,356.6,MERGED,103,0.4,460225937,UserInput_2026_EAR2_X17_v4.h,35bf4b0a829d,,,,,,
224613,212,144.4,MERGED,53,0.2,225780064,UserInput_2026_EAR2_X17_v4.h,35bf4b0a829d,,,,,,
224614,188,555.8,MERGED,47,35.4,38064127202,UserInput_2026_EAR2_X17_v4.h,35bf4b0a829d,,,,,,
224615,171,426.6,MERGED,43,32.2,34564854545,UserInput_2026_EAR2_X17_v4.h,35bf4b0a829d,,,,,,
224616,201,506.1,MERGED,51,37.5,40278123459,UserInput_2026_EAR2_X17_v4.h,35bf4b0a829d,,,,,,
224617,202,500.6,IN_FLIGHT,38,27.9,-1,UserInput_2026_EAR2_X17_v4.h,35bf4b0a829d,,,,,,
224618,148,449.8,MERGED,37,28.7,30829340782,UserInput_2026_EAR2_X17_v4.h,35bf4b0a829d,,,,,,
224619,162,559.2,MERGED,41,30.8,33033253032,UserInput_2026_EAR2_X17_v4.h,35bf4b0a829d,,,,,,
224620,170,507.2,MERGED,43,32.1,34493128737,UserInput_2026_EAR2_X17_v4.h,35bf4b0a829d,,,,,,
224621,100,276.6,MERGED,25,18.8,20220598068,UserInput_2026_EAR2_X17_v4.h,35bf4b0a829d,,,,,,
224622,20,6.0,MERGED,5,0.1,113375707,UserInput_2026_EAR2_X17_v4.h,35bf4b0a829d,,,,,,
224623,169,427.9,MERGED,43,31.8,34125584880,UserInput_2026_EAR2_X17_v4.h,35bf4b0a829d,,,,,,
224624,184,462.3,MERGED,46,34.1,36654879696,UserInput_2026_EAR2_X17_v4.h,35bf4b0a829d,,,,,,
224625,162,439.3,MERGED,41,31.1,33415553269,UserInput_2026_EAR2_X17_v4.h,35bf4b0a829d,,,,,,
224626,234,85.8,MERGED,59,0.2,241007264,UserInput_2026_EAR2_X17_v4.h,35bf4b0a829d,,,,,,
224627,88,34.7,MERGED,9,0.5,571228106,UserInput_2026_EAR2_X17_v4.h,35bf4b0a829d,,,,,,
224628,167,512.9,IN_FLIGHT,31,23.0,-1,UserInput_2026_EAR2_X17_v4.h,35bf4b0a829d,,,,,,
224629,156,549.3,MERGED,39,30.2,32399076011,UserInput_2026_EAR2_X17_v4.h,35bf4b0a829d,,,,,,
224630,37,144.6,MERGED,4,6.2,6653255876,UserInput_2026_EAR2_X17_v4.h,35bf4b0a829d,,,,,,
224631,33,120.8,MERGED,9,6.1,6519953558,UserInput_2026_EAR2_X17_v4.h,35bf4b0a829d,,,,,,
224632,250,816.0,MERGED,63,46.2,49640023942,UserInput_2026_EAR2_X17_v4.h,35bf4b0a829d,,,,,,
224633,169,502.3,MERGED,43,31.8,34112760679,UserInput_2026_EAR2_X17_v4.h,35bf4b0a829d,,,,,,
224634,169,495.2,MERGED,17,31.4,33728814583,UserInput_2026_EAR2_X17_v4.h,35bf4b0a829d,,,,,,
224635,178,510.1,MERGED,45,33.2,35639374238,UserInput_2026_EAR2_X17_v4.h,35bf4b0a829d,,,,,,
224636,209,563.2,MERGED,53,34.2,36766435455,UserInput_2026_EAR2_X17_v4.h,35bf4b0a829d,,,,,,
224637,196,587.1,IN_FLIGHT,34,25.3,-1,UserInput_2026_EAR2_X17_v4.h,35bf4b0a829d,,,,,,
224638,168,595.9,IN_FLIGHT,38,29.5,-1,UserInput_2026_EAR2_X17_v4.h,35bf4b0a829d,,,,,,
224639,178,641.4,IN_FLIGHT,40,30.3,-1,UserInput_2026_EAR2_X17_v4.h,35bf4b0a829d,,,,,,
224640,118,356.4,MERGED,30,21.2,22767898243,UserInput_2026_EAR2_X17_v4.h,35bf4b0a829d,,,,,,
224641,163,516.1,MERGED,41,31.5,33825333354,UserInput_2026_EAR2_X17_v4.h,35bf4b0a829d,,,,,,
224642,170,495.8,MERGED,43,31.8,34197090091,UserInput_2026_EAR2_X17_v4.h,35bf4b0a829d,,,,,,
224643,169,480.6,MERGED,43,31.8,34093170523,UserInput_2026_EAR2_X17_v4.h,35bf4b0a829d,,,,,,
224644,223,644.1,MERGED,56,42.0,45067117030,UserInput_2026_EAR2_X17_v4.h,35bf4b0a829d,,,,,,
224645,196,628.0,MERGED,49,36.6,39327915178,UserInput_2026_EAR2_X17_v4.h,35bf4b0a829d,,,,,,
224646,178,655.1,MERGED,45,33.3,35797557067,UserInput_2026_EAR2_X17_v4.h,35bf4b0a829d,,,,,,
224647,184,753.9,MERGED,46,30.2,32394295701,UserInput_2026_EAR2_X17_v4.h,35bf4b0a829d,,,,,,
224648,4,11.6,MERGED,1,0.3,317404930,UserInput_2026_EAR2_X17_v4.h,35bf4b0a829d,,,,,,
224651,28,12.5,MERGED,7,0.1,63057773,UserInput_2026_EAR2_X17_v4.h,35bf4b0a829d,,,,,,
224652,211,648.0,IN_FLIGHT,44,30.2,-1,UserInput_2026_EAR2_X17_v4.h,35bf4b0a829d,,,,,,
224653,198,566.2,IN_FLIGHT,46,31.6,-1,UserInput_2026_EAR2_X17_v4.h,35bf4b0a829d,,,,,,
224654,178,505.2,IN_FLIGHT,42,30.0,-1,UserInput_2026_EAR2_X17_v4.h,35bf4b0a829d,,,,,,
224655,173,554.2,IN_FLIGHT,40,28.8,-1,UserInput_2026_EAR2_X17_v4.h,35bf4b0a829d,,,,,,
224656,171,574.0,MERGED,43,32.5,34870502288,UserInput_2026_EAR2_X17_v4.h,35bf4b0a829d,,,,,,
224657,110,431.3,MERGED,28,20.5,22062514450,UserInput_2026_EAR2_X17_v4.h,35bf4b0a829d,,,,,,
224658,42,44.3,MERGED,11,0.1,143262061,UserInput_2026_EAR2_X17_v4.h,35bf4b0a829d,,,,,,
224659,4,15.4,MERGED,1,0.5,533788715,UserInput_2026_EAR2_X17_v4.h,35bf4b0a829d,,,,,,
224660,176,625.6,MERGED,44,32.8,35175814498,UserInput_2026_EAR2_X17_v4.h,35bf4b0a829d,,,,,,
224661,156,507.7,MERGED,39,30.8,33103892779,UserInput_2026_EAR2_X17_v4.h,35bf4b0a829d,,,,,,
224662,151,488.2,MERGED,38,30.1,32294667937,UserInput_2026_EAR2_X17_v4.h,35bf4b0a829d,,,,,,
224663,130,392.5,MERGED,33,25.9,27831540414,UserInput_2026_EAR2_X17_v4.h,35bf4b0a829d,,,,,,
224664,23,64.3,MERGED,6,3.5,3778949209,UserInput_2026_EAR2_X17_v4.h,35bf4b0a829d,,,,,,
224665,7,5.4,MERGED,2,0.0,6931568,UserInput_2026_EAR2_X17_v4.h,35bf4b0a829d,,,,,,
224666,163,500.1,IN_FLIGHT,38,28.8,-1,UserInput_2026_EAR2_X17_v4.h,35bf4b0a829d,,,,,,
224667,163,493.8,MERGE_EMPTY,17,31.3,0,UserInput_2026_EAR2_X17_v4.h,35bf4b0a829d,,,,,,
224668,141,431.9,MERGED,36,25.6,27517147510,UserInput_2026_EAR2_X17_v4.h,35bf4b0a829d,,,,,,
224669,41,139.4,MERGED,11,8.1,8695004291,UserInput_2026_EAR2_X17_v4.h,35bf4b0a829d,,,,,,
224670,182,742.6,MERGED,19,28.9,31033841039,UserInput_2026_EAR2_X17_v4.h,35bf4b0a829d,,,,,,
224671,154,597.5,IN_FLIGHT,31,24.5,-1,UserInput_2026_EAR2_X17_v4.h,35bf4b0a829d,,,,,,
224672,135,484.5,MERGED,34,31.0,33250320271,UserInput_2026_EAR2_X17_v4.h,35bf4b0a829d,,,,,,
224673,135,453.0,IN_FLIGHT,32,29.1,-1,UserInput_2026_EAR2_X17_v4.h,35bf4b0a829d,,,,,,
224674,125,441.9,MERGED,32,30.6,32811058556,UserInput_2026_EAR2_X17_v4.h,35bf4b0a829d,,,,,,
224675,136,465.4,MERGED,34,30.9,33131734245,UserInput_2026_EAR2_X17_v4.h,35bf4b0a829d,,,,,,
224676,138,546.1,MERGED,35,30.5,32745481641,UserInput_2026_EAR2_X17_v4.h,35bf4b0a829d,,,,,,
224677,45,181.8,MERGED,12,9.4,10069698852,UserInput_2026_EAR2_X17_v4.h,35bf4b0a829d,,,,,,
224678,226,151.0,MERGED,57,0.2,262907288,UserInput_2026_EAR2_X17_v4.h,35bf4b0a829d,,,,,,
224679,77,51.1,MERGED,20,0.1,88906666,UserInput_2026_EAR2_X17_v4.h,35bf4b0a829d,,,,,,
224680,215,145.2,MERGED,54,0.2,246850777,UserInput_2026_EAR2_X17_v4.h,35bf4b0a829d,,,,,,
224681,207,144.5,MERGED,52,0.2,238045790,UserInput_2026_EAR2_X17_v4.h,35bf4b0a829d,,,,,,
224682,214,141.6,MERGED,22,0.2,240631722,UserInput_2026_EAR2_X17_v4.h,35bf4b0a829d,,,,,,
224683,201,120.4,MERGED,51,0.2,218608444,UserInput_2026_EAR2_X17_v4.h,35bf4b0a829d,,,,,,
224684,182,97.5,MERGED,46,0.2,184328449,UserInput_2026_EAR2_X17_v4.h,35bf4b0a829d,,,,,,
224685,201,106.5,MERGED,51,0.2,212219981,UserInput_2026_EAR2_X17_v4.h,35bf4b0a829d,,,,,,
224686,201,100.3,MERGED,21,0.2,221292955,UserInput_2026_EAR2_X17_v4.h,35bf4b0a829d,,,,,,
224687,48,22.5,MERGED,12,0.0,52553014,UserInput_2026_EAR2_X17_v4.h,35bf4b0a829d,,,,,,
224688,173,711.8,RAW_ONLY,0,0.0,-1,,,prod_v12,44,33.2,v12_liqpileup,35bf4b0a829d,prod_v12
224689,19,76.1,RAW_ONLY,0,0.0,-1,,,prod_v12,5,3.1,v12_liqpileup,35bf4b0a829d,prod_v12
224690,157,631.7,RAW_ONLY,0,0.0,-1,,,prod_v12,40,32.8,v12_liqpileup,35bf4b0a829d,prod_v12
224691,150,565.3,RAW_ONLY,0,0.0,-1,,,prod_v12,38,32.4,v12_liqpileup,35bf4b0a829d,prod_v12
224692,153,564.4,RAW_ONLY,0,0.0,-1,,,prod_v12,39,34.9,v12_liqpileup,35bf4b0a829d,prod_v12
224693,144,483.6,RAW_ONLY,0,0.0,-1,,,prod_v12,36,31.0,v12_liqpileup,35bf4b0a829d,prod_v12
224694,42,145.6,RAW_ONLY,0,0.0,-1,,,prod_v12,11,10.3,v12_liqpileup,35bf4b0a829d,prod_v12
224695,140,525.5,RAW_ONLY,0,0.0,-1,,,prod_v12,35,30.8,v12_liqpileup,35bf4b0a829d,prod_v12
224696,141,557.4,RAW_ONLY,0,0.0,-1,,,prod_v12,36,31.6,v12_liqpileup,35bf4b0a829d,prod_v12
224697,154,620.8,RAW_ONLY,0,0.0,-1,,,prod_v12,39,31.6,v12_liqpileup,35bf4b0a829d,prod_v12
224698,159,646.3,RAW_ONLY,0,0.0,-1,,,prod_v12,40,31.9,v12_liqpileup,35bf4b0a829d,prod_v12
224699,149,522.4,RAW_ONLY,0,0.0,-1,,,prod_v12,38,31.3,v12_liqpileup,35bf4b0a829d,prod_v12
224700,225,744.7,RAW_ONLY,0,0.0,-1,,,prod_v12,57,49.0,v12_liqpileup,35bf4b0a829d,prod_v12
224701,224,755.9,RAW_ONLY,0,0.0,-1,,,prod_v12,56,49.6,v12_liqpileup,35bf4b0a829d,prod_v12
224702,46,162.2,RAW_ONLY,0,0.0,-1,,,prod_v12,12,10.0,v12_liqpileup,35bf4b0a829d,prod_v12
224703,142,489.0,RAW_ONLY,0,0.0,-1,,,prod_v12,36,31.4,v12_liqpileup,35bf4b0a829d,prod_v12
224704,147,544.7,RAW_ONLY,0,0.0,-1,,,prod_v12,37,31.5,v12_liqpileup,35bf4b0a829d,prod_v12
224705,28,99.8,RAW_ONLY,0,0.0,-1,,,prod_v12,7,5.6,v12_liqpileup,35bf4b0a829d,prod_v12
224706,131,75.8,RAW_ONLY,0,0.0,-1,,,prod_v12,33,0.2,v12_liqpileup,35bf4b0a829d,prod_v12
224707,35,138.4,RAW_ONLY,0,0.0,-1,,,prod_v12,9,6.9,v12_liqpileup,35bf4b0a829d,prod_v12
224708,23,99.0,RAW_ONLY,0,0.0,-1,,,prod_v12,6,10.3,v12_liqpileup,35bf4b0a829d,prod_v12
224709,344,1469.8,RAW_ONLY,0,0.0,-1,,,,,,,,
224710,10,37.7,RAW_ONLY,0,0.0,-1,,,prod_v12,3,2.1,v12_liqpileup,35bf4b0a829d,prod_v12
224711,141,505.7,RAW_ONLY,0,0.0,-1,,,prod_v12,36,29.6,v12_liqpileup,35bf4b0a829d,prod_v12
224712,74,264.8,RAW_ONLY,0,0.0,-1,,,prod_v12,19,15.7,v12_liqpileup,35bf4b0a829d,prod_v12
224713,149,522.9,RAW_ONLY,0,0.0,-1,,,prod_v12,38,31.6,v12_liqpileup,35bf4b0a829d,prod_v12
224714,186,650.6,RAW_ONLY,0,0.0,-1,,,prod_v12,47,39.2,v12_liqpileup,35bf4b0a829d,prod_v12
224715,122,455.8,RAW_ONLY,0,0.0,-1,,,prod_v12,31,25.9,v12_liqpileup,35bf4b0a829d,prod_v12
224716,1,0.0,RAW_ONLY,0,0.0,-1,,,prod_v12,1,0.0,v12_liqpileup,35bf4b0a829d,prod_v12
224717,1,0.2,RAW_ONLY,0,0.0,-1,,,prod_v12,1,0.0,v12_liqpileup,35bf4b0a829d,prod_v12
224718,1,0.8,RAW_ONLY,0,0.0,-1,,,prod_v12,1,0.0,v12_liqpileup,35bf4b0a829d,prod_v12
