dream_run,sub_run,ntof_run,status,efficiency,overlap_frac,overlap_min,joined_bunches,joined_events,dropped_pulses,guard_fired,kind
run_100,stat090_0000,224600,OK,0.94738,0.970,59.2,1130,98584,2,0,whole
run_100,stat090_0001,224600,OK,0.94613,1.000,60.0,1154,100015,13,0,whole
run_100,stat090_0002,224600,OK,0.95284,1.000,61.0,945,85267,0,0,whole
run_100,stat090_0003,224600,SKIPPED_LOW_JOIN,,0.302,18.1,0,0,0,0,sliver
run_100,stat090_0003,224601,OK,0.95276,0.688,41.3,706,63052,0,0,sliver
run_100,stat090_0004,224601,OK,0.94718,1.000,60.0,1147,100691,0,0,whole
run_100,stat090_0005,224601,OK,0.94790,1.000,61.0,1146,100294,0,0,whole
run_100,stat090_0006,224601,FAILED,,0.465,27.9,323,28951,0,0,sliver
run_100,stat090_0006,224602,OK,0.94717,0.527,31.6,614,53613,0,0,sliver
run_100,stat090_0007,224602,OK,0.95214,1.000,61.0,1188,100819,58,0,whole
run_100,stat090_0008,224603,OK,0.95368,0.992,59.5,1230,99920,114,0,whole
run_100,stat090_0009,224603,OK,0.95626,1.000,61.0,1255,97800,186,0,whole
run_100,stat090_0010,224603,FAILED,,0.451,27.1,156,13775,6,1,sliver
run_100,stat090_0010,224604,OK,0.95151,0.541,32.5,661,57333,13,0,sliver
run_100,stat090_0011,224604,OK,0.95103,1.000,60.0,1219,104460,46,0,whole
run_100,stat090_0012,224604,OK,0.95044,1.000,61.0,1181,99294,64,0,whole
run_100,stat090_0013,224604,FAILED,,0.255,15.3,241,20622,5,1,sliver
run_100,stat090_0013,224605,OK,0.94302,0.719,43.1,769,66198,0,0,sliver
run_100,stat090_0014,224605,OK,0.94411,0.836,36.8,635,54546,1,0,sliver
run_102,stat090_0000,224606,OK,0.94495,0.991,59.5,1110,96543,3,0,whole
run_102,stat090_0001,224606,OK,0.94874,1.000,61.0,1150,102674,0,0,whole
run_102,stat090_0002,224606,OK,0.95033,0.867,52.0,985,88263,0,0,sliver
run_102,stat090_0002,224607,FAILED,,0.124,7.5,167,14837,1,1,sliver
run_102,stat090_0003,224607,FAILED,,1.000,44.0,635,51098,28,0,whole
run_104,stat090_0000,224614,OK,0.94542,0.931,56.8,1071,93063,0,0,sliver
run_104,stat090_0001,224614,OK,0.94361,1.000,60.0,1073,93879,0,0,whole
run_104,stat090_0002,224614,OK,0.94702,1.000,61.0,1120,97354,0,0,whole
run_104,stat090_0003,224614,FAILED,,0.407,24.4,324,27584,0,0,sliver
run_104,stat090_0003,224615,OK,0.94612,0.585,35.1,677,58713,1,0,sliver
run_104,stat090_0004,224615,OK,0.94671,1.000,60.0,1143,99453,0,0,whole
run_104,stat090_0005,224615,OK,0.95040,1.000,61.0,1137,98942,0,0,whole
run_104,stat090_0006,224615,SKIPPED_LOW_JOIN,,0.397,23.8,0,0,0,0,sliver
run_104,stat090_0006,224616,OK,0.94984,0.595,35.7,697,59812,12,0,sliver
run_104,stat090_0007,224616,OK,0.94804,1.000,61.0,1166,98598,29,0,whole
run_104,stat090_0008,224616,OK,0.94999,1.000,60.0,1147,99484,0,0,whole
run_104,stat090_0009,224616,OK,0.94808,0.857,52.3,986,85050,0,0,sliver
run_104,stat090_0013,224618,OK,0.95103,0.599,35.9,631,54788,1,0,sliver
run_104,stat090_0014,224618,OK,0.95242,1.000,61.0,1137,101436,0,0,whole
run_104,stat090_0015,224618,OK,0.94910,1.000,60.0,1068,94632,0,0,whole
run_104,stat090_0016,224618,OK,0.95359,1.000,6.3,96,7989,5,0,whole
run_106,stat090_0000,224619,OK,0.94000,1.000,44.0,592,51478,0,0,whole
run_106,stat090_0001,224619,OK,0.94708,1.000,60.0,869,76940,0,0,whole
run_106,stat090_0002,224619,OK,0.94365,1.000,50.3,667,58382,0,0,whole
run_106,stat090_0003,224619,OK,0.94074,1.000,44.0,621,53899,5,0,whole
run_106,stat090_0004,224619,OK,0.94780,0.613,37.4,442,39351,1,0,sliver
run_106,stat090_0004,224620,FAILED,,0.377,23.0,168,14104,1,1,sliver
run_106,stat090_0005,224620,OK,0.94875,1.000,44.0,628,55649,1,0,whole
run_106,stat090_0006,224620,OK,0.93920,1.000,44.0,632,54271,0,0,whole
run_106,stat090_0007,224620,FAILED,,1.000,50.3,698,59847,0,0,whole
run_106,stat090_0008,224620,OK,0.94401,1.000,56.6,803,70087,2,0,whole
run_106,stat090_0009,224620,FAILED,,0.193,11.8,159,13894,1,1,sliver
run_106,stat090_0009,224621,OK,0.95268,0.799,48.7,932,84222,4,0,sliver
run_106,stat090_0010,224621,OK,0.95634,0.912,57.3,1056,82541,170,0,sliver
run_108,stat090_0000,224622,SKIPPED_LOW_JOIN,,0.053,3.2,10,879,10,0,sliver
run_108,stat090_0000,224623,OK,0.94825,0.852,51.1,997,85419,32,0,sliver
run_108,stat090_0001,224623,OK,0.94558,1.000,61.0,1147,99867,0,0,whole
run_108,stat090_0002,224623,OK,0.94941,1.000,60.0,1146,99812,1,0,whole
run_108,stat090_0003,224623,FAILED,,0.058,3.5,402,33619,1,1,sliver
run_108,stat090_0003,224624,OK,0.94914,0.932,56.0,1079,94254,1,0,sliver
run_108,stat090_0004,224624,OK,0.94823,1.000,61.0,1146,99788,0,0,whole
run_108,stat090_0005,224624,FAILED,,1.000,56.0,941,77678,31,0,whole
run_110,stat090_0000,224624,FAILED,,0.374,22.5,124,9322,0,0,sliver
run_110,stat090_0000,224625,OK,0.94975,0.617,37.0,720,62466,0,0,sliver
run_110,stat090_0001,224625,OK,0.95396,1.000,61.0,1228,108818,2,0,whole
run_110,stat090_0002,224625,OK,0.95220,1.000,60.0,1230,108896,0,0,whole
run_110,stat090_0003,224625,FAILED,,0.804,5.0,20,582,6,1,sliver
run_112,stat090_0000,224627,SKIPPED_LOW_JOIN,,0.205,12.3,64,5374,64,0,sliver
run_112,stat090_0000,224628,OK,0.94914,0.766,45.9,928,80665,17,0,sliver
run_112,stat090_0001,224628,OK,0.94886,1.000,61.0,1136,100162,11,0,whole
run_112,stat090_0002,224628,FAILED,,1.000,68.0,984,83904,23,0,whole
run_114,stat090_0000,224628,FAILED,,0.188,11.5,111,10368,48,1,sliver
run_114,stat090_0000,224629,OK,0.94454,0.782,47.7,709,62160,11,0,sliver
run_114,stat090_0001,224629,OK,0.94884,1.000,60.0,1070,95121,12,0,whole
run_114,stat090_0002,224629,OK,0.94687,1.000,61.0,1106,97157,0,0,whole
run_114,stat090_0003,224629,FAILED,,0.171,10.8,75,5892,0,0,sliver
run_114,stat090_0003,224630,OK,0.94231,0.718,45.1,698,57222,43,0,sliver
run_116,stat090_0000,224631,OK,0.94029,0.564,33.9,647,56014,0,0,sliver
run_116,stat090_0000,224632,FAILED,,0.402,24.1,241,22360,0,0,sliver
run_116,stat090_0001,224632,OK,0.94233,1.000,61.0,1146,99615,0,0,whole
run_116,stat090_0002,224632,OK,0.94209,1.000,60.0,1135,95360,32,0,whole
run_116,stat090_0003,224632,OK,0.94302,1.000,60.0,1147,99875,0,0,whole
run_116,stat090_0004,224632,OK,0.94736,0.910,55.5,1040,91066,0,0,sliver
run_116,stat090_0004,224633,FAILED,,0.083,5.0,300,27527,0,0,sliver
run_116,stat090_0005,224633,OK,0.94644,1.000,60.0,1146,100330,0,0,whole
run_116,stat090_0006,224633,OK,0.94787,1.000,61.0,1147,100041,0,0,whole
run_116,stat090_0007,224633,OK,0.94406,0.845,50.7,962,84050,0,0,sliver
run_116,stat090_0007,224634,SKIPPED_LOW_JOIN,,0.143,8.6,0,0,0,0,sliver
run_116,stat090_0008,224634,OK,0.94865,1.000,61.0,1146,99328,0,0,whole
run_116,stat090_0009,224634,OK,0.94596,1.000,60.0,1148,100004,0,0,whole
run_116,stat090_0010,224634,OK,0.94639,0.763,46.5,876,75883,0,0,sliver
run_116,stat090_0010,224635,FAILED,,0.228,13.9,323,24241,0,0,sliver
run_116,stat090_0011,224635,OK,0.94657,1.000,60.0,1148,99675,0,0,whole
run_116,stat090_0012,224635,OK,0.94188,1.000,60.0,1147,99393,0,0,whole
run_116,stat090_0013,224635,OK,0.94363,0.860,52.5,981,85164,2,0,sliver
run_116,stat090_0013,224636,FAILED,,0.128,7.8,363,33380,22,1,sliver
run_116,stat090_0014,224636,OK,0.94770,1.000,60.0,1190,81088,265,0,whole
run_116,stat090_0015,224636,OK,0.94048,1.000,61.0,1172,85879,184,0,whole
run_116,stat090_0016,224636,OK,0.94246,1.000,60.0,1123,94984,34,0,whole
run_116,stat090_0017,224636,SKIPPED_LOW_JOIN,,0.447,27.3,0,0,0,0,sliver
run_116,stat090_0017,224637,OK,0.94224,0.545,33.2,644,56025,0,0,sliver
run_116,stat090_0018,224637,FAILED,,1.000,60.0,1168,101888,0,0,whole
run_116,stat090_0019,224637,OK,0.94164,1.000,61.0,1159,100685,0,0,whole
run_116,stat090_0020,224637,OK,0.93956,0.805,48.3,921,79297,0,0,sliver
run_116,stat090_0027,224640,FAILED,,0.912,55.6,1101,95790,0,0,sliver
run_116,stat090_0028,224640,OK,0.94030,0.892,62.4,1120,93527,46,0,sliver
run_118,stat090_0000,224641,OK,0.94171,0.934,56.0,1142,98964,0,0,sliver
run_118,stat090_0001,224641,OK,0.94844,1.000,60.0,1219,107143,11,0,whole
run_118,stat090_0002,224641,OK,0.95085,0.723,44.1,877,77961,0,0,sliver
run_118,stat090_0002,224642,FAILED,,0.269,16.4,302,28031,0,0,sliver
run_118,stat090_0003,224642,FAILED,,1.000,60.0,1251,108233,0,0,whole
run_118,stat090_0004,224642,FAILED,,1.000,61.0,1251,107979,0,0,whole
run_118,stat090_0005,224642,FAILED,,0.427,25.6,167,12365,0,0,sliver
run_118,stat090_0005,224643,FAILED,,0.565,33.9,669,57743,0,0,sliver
run_118,stat090_0006,224643,FAILED,,1.000,61.0,1249,108092,0,0,whole
run_118,stat090_0007,224643,FAILED,,1.000,60.0,1251,108589,0,0,whole
run_118,stat090_0008,224643,FAILED,,0.116,7.1,250,22970,0,0,sliver
run_118,stat090_0008,224644,FAILED,,0.875,53.4,1051,91001,0,0,sliver
run_118,stat090_0009,224644,FAILED,,1.000,60.0,1251,107918,0,0,whole
run_118,stat090_0010,224644,FAILED,,1.000,61.0,1251,108589,0,0,whole
run_118,stat090_0011,224644,FAILED,,0.653,39.2,854,74031,0,0,sliver
run_118,stat090_0011,224645,FAILED,,0.323,19.4,251,21802,1,1,sliver
run_118,stat090_0012,224645,FAILED,,1.000,61.0,1251,109054,0,0,whole
run_118,stat090_0013,224645,FAILED,,1.000,60.0,1251,108800,1,1,whole
run_118,stat090_0014,224645,FAILED,,0.780,46.8,1007,85997,18,1,sliver
run_118,stat090_0014,224646,FAILED,,0.212,12.7,251,18464,0,0,sliver
run_118,stat090_0015,224646,FAILED,,1.000,61.0,1251,108702,1,1,whole
run_118,stat090_0016,224646,OK,0.94122,1.000,60.0,1251,108633,0,0,whole
run_118,stat090_0017,224646,FAILED,,0.603,36.8,807,70251,0,0,sliver
run_118,stat090_0017,224647,FAILED,,0.389,23.7,251,25290,0,0,sliver
run_118,stat090_0018,224647,OK,0.93815,1.000,60.0,1248,108304,0,0,whole
run_118,stat090_0019,224647,OK,0.93736,1.000,61.0,1197,102717,1,0,whole
run_118,stat090_0020,224647,FAILED,,0.522,13.1,301,26074,1,1,sliver
run_118,stat090_0020,224648,FAILED,,0.342,8.6,50,4356,19,1,sliver
run_124,stat090_0005,224654,FAILED,,0.469,28.6,154,14588,22,1,sliver
run_124,stat090_0006,224654,OK,0.94730,1.000,60.0,1136,91049,96,0,whole
run_124,stat090_0007,224654,OK,0.94279,1.000,60.0,1146,99265,0,0,whole
run_124,stat090_0008,224654,FAILED,,0.452,27.6,256,19457,6,1,sliver
run_124,stat090_0008,224655,OK,0.94397,0.540,32.9,677,59400,0,0,sliver
run_124,stat090_0009,224655,OK,0.94037,1.000,60.0,1228,104628,12,0,whole
run_124,stat090_0010,224655,OK,0.93748,1.000,61.0,1094,92830,8,0,whole
run_124,stat090_0011,224655,FAILED,,0.284,17.0,270,21835,5,1,sliver
run_124,stat090_0011,224656,OK,0.93578,0.708,42.5,786,66235,5,0,sliver
run_124,stat090_0012,224656,OK,0.93947,1.000,61.0,1092,94859,1,0,whole
run_124,stat090_0013,224656,OK,0.94087,1.000,60.0,1025,90513,0,0,whole
run_124,stat090_0014,224656,FAILED,,0.493,29.6,521,45486,0,0,sliver
run_124,stat090_0014,224657,FAILED,,0.499,29.9,154,12192,0,0,sliver
run_124,stat090_0015,224657,OK,0.94245,1.000,61.0,900,79355,0,0,whole
run_124,stat090_0016,224657,OK,0.94746,1.000,60.0,505,45672,0,0,whole
run_124,stat090_0017,224657,OK,0.94479,1.000,21.3,158,13843,5,0,whole
run_126,stat090_0000,224658,SKIPPED_LOW_JOIN,,0.267,3.9,105,2242,105,0,sliver
run_126,stat090_0000,224659,SKIPPED_LOW_JOIN,,0.654,9.4,2,46,0,0,sliver
run_128,stat090_0000,224660,FAILED,,0.881,25.1,165,14122,0,0,sliver
run_130,stat090_0000,224660,FAILED,,1.000,61.0,542,46708,2,1,whole
run_130,stat090_0001,224660,FAILED,,1.000,60.0,720,63016,0,0,whole
run_130,stat090_0002,224660,FAILED,,1.000,61.0,720,62932,0,0,whole
run_130,stat090_0003,224660,OK,0.94219,1.000,60.0,714,62145,7,0,whole
run_130,stat090_0004,224660,FAILED,,1.000,18.8,193,16518,0,0,whole
run_132,stat090_0000,224660,FAILED,,0.251,15.3,135,12021,8,1,sliver
run_132,stat090_0000,224661,OK,0.94335,0.740,45.1,595,52600,0,0,sliver
run_132,stat090_0001,224661,FAILED,,1.000,60.0,911,80942,0,0,whole
run_132,stat090_0002,224661,OK,0.94834,1.000,60.0,916,81387,0,0,whole
run_132,stat090_0003,224661,OK,0.94564,0.756,46.1,668,59958,1,0,sliver
run_132,stat090_0003,224662,FAILED,,0.235,14.3,149,12994,0,0,sliver
run_132,stat090_0004,224662,FAILED,,1.000,60.0,880,78700,1,1,whole
run_132,stat090_0005,224662,FAILED,,1.000,61.0,883,79441,0,0,whole
run_132,stat090_0006,224662,FAILED,,1.000,60.0,882,79117,0,0,whole
run_132,stat090_0007,224662,FAILED,,0.145,8.7,130,12109,0,0,sliver
run_132,stat090_0007,224663,FAILED,,0.846,50.8,728,65091,0,0,sliver
run_132,stat090_0008,224663,OK,0.95075,1.000,61.0,880,77872,3,0,whole
run_132,stat090_0009,224663,OK,0.94473,1.000,60.0,876,78490,0,0,whole
run_132,stat090_0010,224663,FAILED,,0.707,6.3,75,5778,0,0,sliver
run_135,stat090_0000,224664,FAILED,,0.994,47.2,359,29361,22,0,whole
run_137,stat090_0000,224664,SKIPPED_LOW_JOIN,,1.000,6.8,19,36,17,1,whole
run_139,stat090_0003,224667,FAILED,,0.396,24.1,159,13415,0,0,sliver
run_139,stat090_0004,224667,FAILED,,1.000,60.0,882,78145,0,0,whole
run_139,stat090_0005,224667,OK,0.95145,1.000,61.0,825,70673,0,0,whole
run_139,stat090_0006,224667,OK,0.94722,1.000,60.0,817,69777,0,0,whole
run_139,stat090_0007,224667,FAILED,,0.431,26.3,50,5062,0,0,sliver
run_139,stat090_0007,224668,FAILED,,0.560,34.1,439,38129,0,0,sliver
run_139,stat090_0008,224668,FAILED,,1.000,60.0,814,71057,1,1,whole
run_139,stat090_0009,224668,FAILED,,1.000,61.0,817,71080,0,0,whole
run_139,stat090_0010,224668,FAILED,,0.943,50.4,714,54914,58,0,sliver
run_141,stat090_0000,224669,OK,0.95366,0.876,49.9,797,70224,16,0,sliver
run_143,stat090_0000,224670,OK,0.95373,0.917,55.0,539,49948,1,0,sliver
run_143,stat090_0001,224670,FAILED,,1.000,23.8,157,12046,10,0,whole
run_145,stat090_0000,224670,OK,0.94871,1.000,61.0,639,57742,0,0,whole
run_145,stat090_0001,224670,OK,0.95174,1.000,60.0,696,64538,0,0,whole
run_145,stat090_0002,224670,OK,0.95094,1.000,60.0,743,67444,3,0,whole
run_147,stat090_0003,224672,OK,0.96245,0.807,49.2,784,75637,0,0,sliver
run_147,stat090_0004,224672,OK,0.96459,1.000,60.0,930,90538,1,0,whole
run_147,stat090_0005,224672,FAILED,,1.000,61.0,876,85145,0,0,whole
run_147,stat090_0006,224672,SKIPPED_LOW_JOIN,,0.101,6.2,0,0,0,0,sliver
run_147,stat090_0006,224673,FAILED,,0.890,54.3,806,78328,5,1,sliver
run_147,stat090_0007,224673,FAILED,,1.000,60.0,878,84258,0,0,whole
run_147,stat090_0008,224673,FAILED,,1.000,61.0,878,84069,0,0,whole
run_147,stat090_0009,224673,SKIPPED_LOW_JOIN,,0.145,8.7,0,0,0,0,sliver
run_147,stat090_0009,224674,OK,0.97027,0.843,50.6,659,64095,0,0,sliver
run_147,stat090_0010,224674,OK,0.97309,1.000,61.0,749,75749,0,0,whole
run_147,stat090_0011,224674,FAILED,,1.000,60.0,783,79304,1,1,whole
run_147,stat090_0012,224674,FAILED,,0.375,22.9,56,5701,0,0,sliver
run_147,stat090_0012,224675,OK,0.97245,0.616,37.5,376,37611,0,0,sliver
run_147,stat090_0013,224675,OK,0.97092,1.000,60.0,469,45451,4,0,whole
run_147,stat090_0014,224675,OK,0.96290,1.000,61.0,839,79172,0,0,whole
run_147,stat090_0015,224675,OK,0.95997,1.000,60.0,849,80748,0,0,whole
run_147,stat090_0016,224675,FAILED,,0.203,12.4,109,10222,0,0,sliver
run_147,stat090_0016,224676,OK,0.96259,0.789,48.1,635,59984,0,0,sliver
run_147,stat090_0017,224676,OK,0.96867,1.000,60.0,708,68480,0,0,whole
run_147,stat090_0018,224676,OK,0.96334,1.000,61.0,767,73191,0,0,whole
run_147,stat090_0019,224676,OK,0.95987,0.671,40.2,527,49671,5,0,sliver
run_147,stat090_0019,224677,FAILED,,0.321,19.2,85,7868,0,0,sliver
run_147,stat090_0020,224677,OK,0.96117,0.963,42.1,595,56020,5,0,whole
run_150,stat090_0003,224689,SKIPPED_LOW_JOIN,,0.434,17.4,0,0,0,0,sliver
run_154,stat090_0006,224694,OK,0.97371,0.674,40.4,570,55923,2,0,sliver
run_154,stat090_0007,224694,FAILED,,0.923,19.6,264,25941,0,0,sliver
run_156,stat090_0009,224698,FAILED,,0.763,16.6,992,90360,0,0,sliver
run_156,stat090_0010,224698,FAILED,,1.000,60.0,1126,101828,6,1,whole
run_156,stat090_0011,224698,FAILED,,0.740,45.2,871,78802,0,0,sliver
run_77,stat090_0000,224570,OK,0.95842,1.000,60.0,1053,94610,0,0,whole
run_77,stat090_0001,224570,OK,0.95628,1.000,61.0,1052,94528,1,0,whole
run_77,stat090_0002,224570,OK,0.95627,0.929,55.8,897,80880,0,0,sliver
run_77,stat090_0002,224571,SKIPPED_LOW_JOIN,,0.030,1.8,0,0,0,0,sliver
run_77,stat090_0003,224571,OK,0.96008,1.000,61.0,1094,94954,69,0,whole
run_77,stat090_0004,224571,OK,0.95698,1.000,60.0,961,86296,8,0,whole
run_77,stat090_0005,224571,OK,0.95564,1.000,24.0,198,17917,0,0,whole
run_78,stat090_lat033_c0_0000,224571,OK,0.96277,1.000,8.0,123,9926,0,0,whole
run_78,stat090_lat033_c1_0006,224571,SKIPPED_LOW_JOIN,,1.000,6.3,1,87,0,0,whole
run_78,stat090_lat035_c0_0001,224571,OK,0.95974,1.000,5.0,75,6086,0,0,whole
run_78,stat090_lat039_c0_0002,224571,FAILED,,1.000,3.0,33,2693,0,0,whole
run_78,stat090_lat043_c0_0003,224571,OK,0.96340,1.000,3.0,34,2739,0,0,whole
run_78,stat090_lat047_c0_0004,224571,FAILED,,1.000,2.0,32,2593,0,0,whole
run_78,stat090_lat051_c0_0005,224571,OK,0.96078,1.000,3.0,35,2865,0,0,whole
run_79,stat090_0000,224572,OK,0.95888,1.000,60.0,1012,106127,0,0,whole
run_79,stat090_0001,224572,OK,0.95895,1.000,61.0,1049,109354,0,0,whole
run_79,stat090_0002,224572,OK,0.95898,0.762,45.8,798,83058,0,0,sliver
run_79,stat090_0002,224573,FAILED,,0.229,13.8,277,29158,0,0,sliver
run_79,stat090_0003,224573,OK,0.95890,1.000,61.0,1052,109288,0,0,whole
run_79,stat090_0004,224573,OK,0.95837,1.000,60.0,1053,109655,0,0,whole
run_79,stat090_0005,224573,OK,0.95641,0.716,43.0,744,77523,0,0,sliver
run_79,stat090_0005,224574,FAILED,,0.275,16.5,276,29038,0,0,sliver
run_79,stat090_0006,224574,OK,0.96002,1.000,61.0,1053,109272,0,0,whole
run_79,stat090_0007,224574,OK,0.95896,1.000,60.0,1058,110041,2,0,whole
run_79,stat090_0008,224574,OK,0.96184,0.536,32.7,601,63304,0,0,sliver
run_79,stat090_0008,224575,FAILED,,0.319,19.4,211,23051,24,1,sliver
run_79,stat090_0008,224576,FAILED,,0.057,3.5,343,35137,2,1,sliver
run_79,stat090_0009,224576,OK,0.95928,1.000,60.0,1135,118803,2,0,whole
run_79,stat090_0010,224576,OK,0.96011,1.000,61.0,1136,119168,0,0,whole
run_79,stat090_0011,224576,OK,0.95842,0.558,33.5,626,65660,0,0,sliver
run_79,stat090_0011,224577,FAILED,,0.425,25.5,119,12816,0,0,sliver
run_79,stat090_0012,224577,OK,0.96044,1.000,61.0,1153,116468,40,0,whole
run_79,stat090_0013,224577,OK,0.95050,1.000,60.0,1132,110163,24,0,whole
run_79,stat090_0014,224577,FAILED,,0.481,29.4,170,17288,1,1,sliver
run_79,stat090_0014,224578,FAILED,,0.459,28.0,102,12175,0,0,sliver
run_79,stat090_0015,224578,OK,0.95497,0.628,43.4,849,86459,4,0,sliver
run_81,stat090_0000,224580,OK,0.94480,1.000,61.0,965,93277,0,0,whole
run_81,stat090_0001,224580,FAILED,,0.689,21.6,44,4249,17,1,sliver
run_81,stat090_0001,224581,OK,0.94812,0.049,1.5,232,23402,0,0,sliver
run_82,stat090_h1i2_0001,224581,FAILED,,1.000,4.0,53,4938,0,0,whole
run_82,stat090_h1i2_0006,224581,FAILED,,1.000,5.0,51,4497,0,0,whole
run_82,stat090_h1i5_0003,224581,FAILED,,1.000,5.0,51,4563,0,0,whole
run_82,stat090_h1i5_0004,224581,OK,0.95750,1.000,5.0,54,4807,0,0,whole
run_82,stat090_h2i2_0002,224581,OK,0.94116,1.000,5.0,55,5697,0,0,whole
run_82,stat090_h2i2_0005,224581,OK,0.95097,1.000,5.0,51,5007,0,0,whole
run_82,stat090_h2i5_0000,224581,FAILED,,1.000,5.0,54,5448,0,0,whole
run_82,stat090_h2i5_0007,224581,FAILED,,0.263,1.6,33,1660,0,0,sliver
run_84,stat090_0000,224582,OK,0.94859,1.000,25.1,349,29980,3,0,whole
run_86,stat090_0000,224583,OK,0.95143,0.993,43.7,606,52989,0,0,whole
run_86,stat090_0001,224583,FAILED,,1.000,44.0,606,52535,0,0,whole
run_86,stat090_0002,224583,OK,0.95296,1.000,56.6,818,73815,0,0,whole
run_86,stat090_0003,224583,OK,0.94901,0.981,58.9,1104,95293,40,0,whole
run_86,stat090_0004,224584,OK,0.94779,1.000,61.0,1122,95307,53,0,whole
run_86,stat090_0005,224584,OK,0.95120,1.000,60.0,1143,101480,3,0,whole
run_86,stat090_0006,224584,OK,0.95264,0.764,45.8,856,76509,0,0,sliver
run_86,stat090_0006,224585,FAILED,,0.227,13.6,280,23869,9,1,sliver
run_86,stat090_0007,224585,OK,0.95287,1.000,61.0,1136,101604,0,0,whole
run_86,stat090_0008,224585,OK,0.95536,1.000,64.0,1085,91862,55,0,whole
run_88,stat090_0000,224585,OK,0.95495,0.655,40.0,731,65322,0,0,sliver
run_88,stat090_0000,224586,FAILED,,0.337,20.6,295,27761,1,1,sliver
run_88,stat090_0001,224586,OK,0.95944,1.000,60.0,1053,94614,4,0,whole
run_88,stat090_0002,224586,OK,0.95811,1.000,60.0,1054,93450,15,0,whole
run_88,stat090_0003,224586,OK,0.96012,0.702,42.8,684,59878,22,0,sliver
run_88,stat090_0003,224587,FAILED,,0.290,17.7,188,14650,0,0,sliver
run_88,stat090_0004,224587,OK,0.95582,0.824,46.6,807,72356,3,0,sliver
run_96,stat090_0000,224597,OK,0.95452,0.979,58.7,875,77135,15,0,whole
run_96,stat090_0001,224597,FAILED,,1.000,56.6,789,71944,1,1,whole
run_96,stat090_0002,224597,OK,0.95433,1.000,56.6,825,73879,17,0,whole
run_96,stat090_0003,224597,OK,0.95505,0.947,53.6,708,64189,8,0,sliver
run_96,stat090_0003,224598,FAILED,,0.044,2.5,146,14022,12,1,sliver
run_96,stat090_0004,224598,FAILED,,1.000,6.3,81,5830,9,0,whole
run_98,stat090_0000,224598,OK,0.95119,1.000,60.0,1022,90806,21,0,whole
run_98,stat090_0001,224598,OK,0.94937,0.576,10.9,160,13057,13,0,sliver
run_98,stat090_0001,224599,FAILED,,0.310,5.8,22,1600,0,0,sliver
