bunch_t_s,bi,delta_b_ns,n
229.126306816,1,16344.358763545752,1
230.127338752,2,-72208.55084801465,2
231.128198912,3,18948.05329415202,2
232.129203968,4,8087.584988191724,1
233.130145792,5,-67774.3793527931,2
235.13197696,7,-36856.30733091384,3
237.133872896,9,-95598.4480021759,2
238.134777856,10,14775.620889421552,3
239.135799808,11,-9827.503301165998,1
240.136793856,12,-107992.04863029346,2
241.137629952,13,-34716.69109339733,2
242.13858176,14,40163.879235595465,3
243.139638784,15,-37871.78783950955,1
244.140608768,16,-62308.080843403935,1
245.141534976,17,-90925.56412835652,2
246.142400768,18,-8232.050229847431,1
247.143396864,19,-17862.40275682509,2
248.144377856,20,-15362.283339262009,3
250.146304768,22,-19282.200273163617,1
251.147283968,23,-33.32390716671944,3
252.1483008,24,-39963.491217814386,3
255.151234816,27,-84084.02989204228,1
256.152169984,28,-33588.18126447126,4
257.153159936,29,-74249.54900589213,3
259.155051776,31,-77184.17784741148,4
260.155965952,32,-20810.05909635499,1
261.156958976,33,-94802.84514363669,2
263.15877376,35,-25755.99120997172,2
264.159744,36,-85579.07389876246,1
266.161624832,38,-52179.40285321325,3
267.162573824,39,-84002.93759794347,2
268.163526912,40,-36381.2991704233,3
269.164512768,41,65852.7242220752,4
270.165623808,42,16187.335078321397,1
272.16757888,44,-30765.496729828417,3
273.16858496,45,-35246.942881110124,2
274.1695488,46,-84002.24651677534,2
275.170471936,47,12429.969413366169,1
276.171492864,48,-79273.3893484394,4
278.17332096,50,-31043.87684066966,3
279.174302976,51,-73512.56448817626,2
280.175207936,52,-92319.00302098691,1
281.176134912,53,-16959.770453080535,1
282.177085952,54,-98794.20593717694,2
283.178040832,55,-58240.642830103636,6
284.178985984,56,2775.7992382389493,2
285.1799808,57,-3867.2510740906,1
286.18100096,58,-92807.99135676399,2
287.181921792,59,3901.3237686678767,2
288.18291584,60,-89054.74991803057,4
289.183850752,61,-20716.92983963061,2
290.184807936,62,-112003.23411321454,3
291.185728768,63,-78385.8737144284,2
293.18759296,65,-19571.652406029403,2
294.188590848,66,-41048.846613779664,1
295.189569792,67,-11766.458477253094,1
296.190553856,68,-465.69033285975456,3
297.191538944,69,-81972.83645385876,3
298.192439808,70,11740.377805918455,3
299.193478912,71,-32547.348787099123,1
300.194446848,72,-93531.62718688836,2
301.195321856,73,-82682.04277711548,3
302.196242944,74,86279.54989925213,3
303.197364992,75,-42016.542612187564,1
304.198331904,76,32442.612621443346,2
306.200348928,78,-4496.4076162576675,5
307.201293824,79,-18390.618798026815,2
308.202268928,80,78296.24851951934,2
309.203333888,81,-58309.6137076579,5
310.204235776,82,-2743.357347169891,1
311.205230848,83,-77782.4440316665,2
312.206171904,84,-106751.2343099229,3
314.208000768,86,-21385.482956454158,4
315.209033984,87,-54787.59667679109,2
316.210271744,88,-73990.50441430509,3
317.211197952,89,-27663.783654004335,2
318.2121408,90,-27566.152878001332,2
319.213145856,91,-80109.90278181434,2
320.214096896,92,-10488.5482188873,2
321.215092992,93,25982.215379538015,1
322.216134912,94,-122324.7970758751,2
323.217011968,95,-5630.270901300013,1
324.2180288,96,-3809.605856298469,1
326.220015872,98,-68177.84163077245,4
328.221912832,100,-67822.51356747001,5
329.222840832,101,-79503.93015384302,3
330.22368384,102,-107341.36608396564,2
331.22456192,103,-66189.52666328102,3
332.225494784,104,71058.43630894274,2
333.22659584,105,-58304.05519092083,3
334.227511808,106,-90264.33004303277,2
339.232128,111,-3970.313788190484,1
340.233153792,112,-60891.71865610778,1
341.234099968,113,-9296.563645420596,2
342.235095808,114,-99493.7447980158,1
343.236014848,115,-64816.858994565904,2
344.236997888,116,-87867.4111359939,1
345.237924864,117,-77358.1476982208,2
346.238857984,118,10471.493378456682,4
347.239872768,119,-40821.3246034123,4
348.24085376,120,-89106.35816943645,1
351.243533824,123,-80034.46181146358,2
353.245431808,125,-49378.73717671633,3
354.246361856,126,8895.935150709003,2
355.247391744,127,11718.415955971926,4
356.248358912,128,-78483.25252262503,3
358.250238976,130,20237.51968323067,2
359.251279872,131,-113609.86216516793,1
360.252153856,132,26823.4737765342,5
361.253175808,133,-78406.96860270947,3
362.254057984,134,-13658.685911187902,4
363.255058944,135,-6375.415803804994,1
364.256069888,136,-69887.89551611245,3
365.25697792,137,-76949.2441038005,2
367.258845952,139,-1988.7100510932505,2
368.259850752,140,52993.94353245199,1
369.260901888,141,-64061.68048951402,4
370.261862912,142,-84690.41769769322,8
371.262825984,143,-63724.188274513,6
372.263755776,144,-83778.27113069966,2
373.264623872,145,108855.94894673809,1
374.265770752,146,-15070.640874676406,3
376.2678208,148,-62141.691269896924,2
377.268767744,149,7294.664466392249,2
378.269683968,150,37718.71353474073,2
379.270681856,151,-16479.952210880816,4
380.271623936,152,-1924.1557792183012,4
381.272622848,153,32409.957604803145,4
382.273624832,154,-54378.62773434073,3
384.275553792,156,-52020.66809223592,1
385.27644288,157,54341.75398897217,2
387.278406912,159,-38239.11875732243,3
388.27933696,160,7495.472199246287,3
390.281380864,162,10808.282597271726,4
391.28232192,163,28440.62869961653,2
392.283324928,164,92398.73369700054,7
394.285326848,166,2857.8460673659574,4
395.286313984,167,-39307.34625578113,3
396.287222784,168,-64680.41478156112,2
397.288137984,169,-23998.473165597767,3
398.2891008,170,95538.13211623766,2
399.290148864,171,39528.73657505517,4
400.291146752,172,-61523.60916475637,6
401.29205888,173,12321.733217593282,3
402.292998912,174,30907.235010296106,1
403.294021888,175,-15272.62403397914,2
404.294986752,176,15391.65945275873,3
405.295937792,177,-67937.78929826245,2
406.296841984,178,-15314.974798221141,3
407.297810944,179,-13847.896179582924,2
408.298749952,180,-29689.98582217004,3
409.29962496,181,-19145.48880057782,3
410.300563968,182,-12790.366738932673,1
411.301509888,183,-53989.71464359015,1
412.30245888,184,-37293.67770639062,2
413.303346944,185,851.9753787070513,3
414.304321792,186,50271.83505088836,1
415.305342976,187,-424.22840032354,2
416.306269952,188,28511.445859991014,2
417.307293952,189,-39753.2108992897,2
418.308185856,190,14937.347508624196,3
419.309179904,191,-40722.76607646514,2
420.310137856,192,66075.75300759822,3
421.31113984,193,-62262.01224684715,2
422.312043776,194,98625.42830689598,2
423.313085952,195,-40171.36546804663,1
424.314020864,196,-41165.4934874475,3
425.314958848,197,25226.051304385066,2
427.316946944,199,-58120.430107064545,3
428.317863936,200,-21050.99407491181,2
430.319749888,202,24714.20561526704,2
431.320624896,203,25075.334031417966,3
433.3225088,205,-64383.43812457472,5
434.3233728,206,-28232.623665539548,3
435.324297984,207,16878.901137292385,3
436.325234944,208,16101.62789105624,3
437.326219776,209,-56488.71609868109,1
438.327071744,210,54065.140259001404,2
440.329031936,212,893.7378991246223,2
441.329938944,213,5333.222246158402,2
442.330928896,214,-67813.85209924728,2
443.331798784,215,56202.52752887737,2
446.334802944,218,-63313.83462908305,2
447.33562496,219,13046.345551602542,5
448.336534784,220,44074.763528101146,1
449.337566976,221,2654.444081367925,2
450.338506752,222,56236.96229611337,3
451.33952896,223,-26183.829576525837,1
452.340458752,224,55927.4649135042,3
453.341479936,225,111441.42037149519,3
454.34254976,226,74413.52815240528,1
455.343535872,227,-32257.810723650735,1
456.344440832,228,-40370.965909443796,3
457.345349888,229,-28944.296038389206,1
458.34626176,230,-1584.0078841149807,1
459.347232768,231,-11308.238527250476,2
460.348160768,232,-32881.03809681721,1
461.349083904,233,80305.50018494576,1
462.350117888,234,-33716.361736398656,2
464.35198592,236,80829.87007860094,5
465.353001984,237,28674.653658494353,3
466.353929984,238,38926.227187894285,3
468.355927808,240,22851.73441542685,2
469.356856832,241,-42075.06562857609,1
470.357756928,242,-25921.99967226386,3
471.358624768,243,73747.59388828836,2
473.360514816,245,-1602.4211500622332,3
474.361444864,246,49521.58887247043,2
477.364251904,249,-17080.313041526824,2
478.365179904,250,-1025.9826087467372,2
480.367092992,252,6234.152850577608,1
481.368037888,253,61699.252734769136,4
482.368979968,254,98016.49425614346,2
483.370027776,255,47859.90775949508,3
484.371014912,256,82807.1563710235,2
485.372034816,257,-12697.096980564296,2
487.373907968,259,-4231.894601312466,2
488.37483392,260,42427.25770051777,1
489.375803904,261,91600.28608824313,1
490.37677696,262,-19980.436852410436,3
491.377737984,263,-11381.030725173652,2
492.378610944,264,-17616.543919816613,3
494.380384768,266,107954.02964758873,1
495.381419776,267,19487.071903880686,3
497.383214848,269,86701.84667018615,4
498.384192,270,109544.87351382227,2
500.388009984,272,98214.71550760604,4
503.400888832,275,241405.8577385808,4
505.40894976,277,40653.14822220523,2
509.419679744,281,13173.495886802673,3
510.420521984,282,32838.20079647377,1
511.421418752,283,26301.995989669114,3
512.422283776,284,54845.23353719711,2
514.42421376,286,38880.570967167616,1
515.425094912,287,32311.55131655652,3
516.4259968,288,35311.42656452488,4
517.426875904,289,74532.57089599594,1
518.42782976,290,136128.86690476723,4
520.429816832,292,88603.98831514455,4
521.430750976,293,11778.597581800073,1
522.431612928,294,54586.665833458304,1
524.433422848,296,45413.6905588489,2
525.434296832,297,44305.09165850282,1
526.435202816,298,20859.610152067617,2
527.436050944,299,35533.940631181,3
529.437833984,301,91216.63724310137,2
530.438797824,302,-12678.725792368874,8
531.439597824,303,44658.70086949319,1
532.440489984,304,35966.24271290749,1
533.441340928,305,69754.55469381809,3
536.444041984,308,41013.505341902375,2
537.444898816,309,80676.20789040625,3
538.445831936,310,120962.4458286725,2
539.44677376,311,15937.089015230536,1
540.447623936,312,44109.487495839596,2
541.448470784,313,59071.31610646099,1
542.449378816,314,108030.52249868214,2
543.450320896,315,75265.40032897145,1
544.451248896,316,64300.77418708056,7
545.452133888,317,50525.00827757304,2
546.453031936,318,59387.91638795659,2
547.453893888,319,96359.02758116182,2
548.45485184,320,131513.89105988294,1
549.45579776,321,32227.78631158732,4
550.456623872,322,63786.53598956764,3
551.457487872,323,68602.08228686452,4
552.458384896,324,61986.55066263676,3
554.460141824,326,66173.61244106665,5
556.461947904,328,83869.92154701054,1
557.462826752,329,124010.42121819407,2
558.463795968,330,36187.75691920519,2
560.46547584,332,73519.86087717861,1
561.466333952,333,80096.10015218519,2
562.4672448,334,64584.79201331921,1
563.468101888,335,94696.16798446327,2
565.469903872,337,110569.97052133083,1
566.470840832,338,114675.74115306884,1
567.471748864,339,50580.881053349,6
568.472612864,340,90085.23891742714,2
569.473476864,341,198617.76898778602,2
570.474530816,342,111696.91165857762,3
571.475434752,343,107244.41044549644,2
573.477319936,345,120612.26880636532,2
574.478267904,346,94580.38004847965,2
575.4791488,347,89749.72746506333,1
576.48006784,348,75628.72212867439,3
577.480925952,349,105110.22198203206,1
579.482811904,351,137820.7480209209,2
580.48374784,352,60479.320508271456,3
581.484623872,353,69990.19507073797,4
582.485470976,354,84853.92532916926,2
583.486370816,355,81345.89166782051,2
584.487238912,356,80274.21440827847,3
586.489005824,358,86172.96158716828,1
587.489915904,359,117883.69535534922,4
588.490817792,360,140363.06833586097,3
589.491795968,361,41868.46231327951,8
590.492624896,362,52807.57755070552,2
591.49349376,363,67219.36407898739,1
592.494338816,364,73712.77605691552,1
593.49524096,365,82742.20433164644,1
594.496143872,366,97864.81389105693,3
595.497088768,367,62945.14197290875,2
597.498875904,369,104092.69650627486,2
598.499774976,370,41714.8161367774,2
600.501482752,372,67584.11469181627,1
601.502373888,373,62490.35186514445,1
602.503229952,374,119883.30860885233,3
603.504203776,375,76859.45776396245,3
604.505090816,376,72093.2168668285,1
605.50600192,377,84326.19810550287,2
606.506890752,378,98670.6048922789,2
607.507831808,379,119336.63586064824,2
608.508758784,380,69552.47419187706,2
609.509679872,381,70811.41735594021,3
610.510546944,382,88767.06654182449,2
611.511470848,383,50606.94853389263,1
612.512310784,384,64644.33136354387,3
613.513212928,385,46441.9977413537,1
614.51406976,386,75444.4214984104,1
616.51598976,388,79841.26612624433,1
617.516877824,389,97602.77579874545,7
618.517824768,390,105147.83257528022,2
619.518752768,391,28345.11116065085,1
620.519623936,392,39270.96068453044,2
621.520467968,393,56057.834869630635,3
622.521359872,394,53124.25398304127,2
623.522208768,395,69474.47841772577,2
624.523141888,396,73638.69666037709,3
625.524034816,397,55487.00865679234,4
627.525854976,399,99759.34065496176,3
628.526797824,400,22745.37913969159,2
630.528512,402,57191.81801171042,1
631.529362944,403,56964.55242213607,1
632.530255872,404,109972.37249979377,3
633.53118976,405,71845.23167011142,2
634.53211776,406,57030.629135975614,3
635.532983808,407,87195.52703817189,2
636.53391488,408,85389.07369052852,3
637.534809856,409,118540.6119925864,2
638.53577088,410,53868.471212767065,1
639.536623872,411,68148.14992059022,1
640.53752192,412,62171.433478001505,2
642.539286784,414,54582.24508421868,1
643.540137984,415,65058.21931385994,3
644.541039872,416,52384.344750247896,2
645.541889792,417,100913.39386450686,1
646.542822912,418,111426.31214946508,1
647.543739904,419,35658.83441825339,2
649.545495808,421,73300.98468390107,2
650.546388992,422,64203.16705072299,2
651.54724992,423,63767.63098782068,2
652.548148992,424,55587.51865816116,5
654.54993792,426,96081.80744703114,3
655.550816768,427,124685.2417960763,3
656.551780864,428,23324.400068327785,2
657.552577792,429,70758.12206767127,4
658.553464832,430,81909.07763475087,1
660.555230976,432,64395.10082937777,3
661.556102912,433,66705.24863427132,4
662.556998912,434,123005.5381747568,1
664.558867968,436,120058.68039806484,1
665.559827968,437,93043.90095104463,2
666.56073984,438,43746.35141855478,1
667.561609984,439,60897.7064290978,1
668.562457856,440,102684.759290847,2
669.563401984,441,96414.92923040688,1
670.5643008,442,75464.86075435765,4
671.56520576,443,55030.4976991564,3
672.566055936,444,65958.4303904809,6
674.5678528,446,113365.13114918768,1
675.568809984,447,108824.52017930709,2
677.570566912,449,48235.03325022012,1
678.57140992,450,73373.64664940163,2
679.572327936,451,181389.9226572886,3
681.574274816,453,62638.925253495574,1
682.575183872,454,47407.07874062657,1
683.576043776,455,81967.04923833907,1
684.576985856,456,64389.426712635905,4
685.577870848,457,95862.13883680105,5
686.578822912,458,93559.78408875316,3
687.579682816,459,51059.223451167345,1
688.580578816,460,76095.9861605959,2
690.582384896,462,40879.707971747965,1
691.583237888,463,40972.34422768839,3
693.585081856,465,61421.871199345216,2
694.586011904,466,62766.33094738517,2
695.586904832,467,79386.77678542212,1
696.5878528,468,78130.92739230394,1
698.589623808,470,62275.69717378169,2
699.590518784,471,26002.71548338607,2
700.591402752,472,45503.779887624085,1
701.592260864,473,39329.31203320995,1
702.593168896,474,32560.246097838506,2
703.594018816,475,46021.71207831614,2
704.594921984,476,58369.01040653139,4
705.595809792,477,97826.52510653436,1
706.596779776,478,-9159.949346216395,6
707.5975808,479,28273.855820234865,3
708.598468864,480,47344.016905818135,1
709.599342848,481,44846.0135736838,1
710.60025088,482,37504.6570760794,4
711.601129984,483,28553.219136912376,2
713.602876928,485,92606.65980467945,3
714.603853824,486,95639.67297589779,2
715.604779776,487,-5271.400001585484,1
716.605623808,488,36487.43432571739,1
717.606474752,489,22885.12946906686,1
718.607360768,490,37046.14153756946,5
720.609142784,492,14520.761710576713,2
721.609993984,493,40234.52815511078,1
723.611904,495,61700.63840837125,4
724.612855808,496,80434.18258388899,2
725.613778944,497,42372.03895285353,2
726.614680832,498,21155.23549985206,2
727.615535872,499,21731.45845901966,3
728.616430848,500,58455.35216137394,2
729.617339904,501,19644.983482055366,2
730.618242816,502,13213.51142089814,1
731.61911296,503,7866.486754795536,6
733.620868864,505,54505.74079696834,2
734.62181888,506,92763.50120123476,2
735.622817792,507,73476.48502942175,3
736.623746816,508,-18521.578034177423,6
738.625446912,510,16619.513082962483,2
739.626350848,511,13567.151967190206,3
740.627214848,512,-7400.900332940277,2
741.628105984,513,-17092.919836208224,3
742.628939776,514,25315.30823696032,1
743.629867776,515,51370.150597408414,1
744.630795776,516,-13970.46772763133,5
745.631680768,517,-15242.777718193829,1
747.63343488,519,19489.52434294671,1
748.634311936,520,17728.270008090883,2
750.636088832,522,-12335.707236144692,3
751.636975872,523,-8276.69680712372,2
752.637830912,524,85508.35905955732,1
754.639775744,526,-41785.69747238606,1
755.640623872,527,-27537.30989321461,2
756.6414528,528,-17375.52248133067,3
757.642334976,529,31248.38445617538,3
758.643238912,530,15572.637222509831,1
759.64418176,531,1784.4600889459252,3
760.64507776,532,-24169.64451668132,2
761.645970944,533,-14725.649327334017,3
763.647794944,535,-76357.07586777955,1
764.648589824,536,-18473.09119613841,1
765.649483776,537,-39672.15386648476,3
767.651213824,539,-48882.96380986273,1
788.669826816,540,38067.15351112373,4
789.670794752,541,-88349.21778220683,2
790.671623936,542,-55221.49562266469,1
791.672466944,543,-53717.69976333156,3
792.6733568,544,-36369.29530842602,3
794.675126784,546,-40838.007234785706,2
795.676014848,547,-54074.85874727741,1
796.676914944,548,-23929.54568424821,1
797.67780096,549,-113484.48341725022,1
798.678623744,550,-66487.99963323376,1
799.679466752,551,-19751.37707185,2
800.680407808,552,-55330.20752626285,1
801.68128,553,-72327.52364154533,1
802.682171904,554,-64285.245337583125,2
803.683038976,555,-57213.987220507115,3
804.683960832,556,-38506.885440354235,2
805.684856832,557,-29460.686268460006,3
806.685805824,558,-96016.0432136996,1
807.686623744,559,-86757.66474355385,2
808.68750592,560,-78479.05027241632,2
809.688356864,561,-74201.37644697726,2
810.689259776,562,-100752.25788587704,4
811.690102784,563,-91384.48078341887,2
813.691950848,565,-51883.55370887928,1
814.692855808,566,-28579.38987338543,1
815.693815808,567,-38889.099491514266,1
816.694680832,568,-95275.65513013303,3
817.69556096,569,-39503.07918494195,3
818.696453888,570,-54624.62841133773,3
819.697387776,571,-61541.240099199116,3
820.69828992,572,-79508.89418615401,2
822.70003584,574,-97380.647586748,3
823.700921856,575,-71051.50549002737,1
824.7018048,576,-33673.93408021331,2
826.703559936,578,-95057.11415438168,1
827.704452864,579,-92655.82131550461,3
828.70530688,580,-38735.82300323248,1
829.706267904,581,-110755.9401210174,1
830.707124992,582,-114613.64761722088,3
831.708005888,583,-96980.33681978285,1
832.708866816,584,-67518.01763286442,1
834.710624768,586,-111060.52744155261,2
835.711504896,587,-117634.91565021127,1
837.71324288,589,-131800.97385243326,3
838.714086912,590,-110140.45653796196,1
839.714982912,591,-104771.0049355179,1
840.715850752,592,-61615.85123530775,1
841.716797952,593,-176270.47892285138,4
842.717579776,594,-54433.62163313851,1
843.718548992,595,-111097.03284820169,1
844.719408896,596,-104800.2412789315,3
868.740476928,600,-95568.39713258669,4
870.742501888,602,-100574.29299439117,2
871.743408896,603,-102334.39372546971,1
872.744353792,604,-35034.56968458849,2
873.745435904,605,-49.423213966190815,2
874.746624768,606,-97814.88386894017,1
875.747535872,607,-119296.3637072239,2
877.749317888,609,-129238.48083359748,1
878.750231808,610,-111698.03498722613,1
879.7511488,611,-133038.30108598806,1
880.752066816,612,-153133.34388710558,3
881.75291392,613,-108473.08086187951,2
882.753854976,614,-78238.24676718656,2
885.756484864,617,-140748.28783396352,1
886.757382912,618,-131657.52875086293,2
888.759136768,620,-142239.60555223376,2
889.760016896,621,-125914.28312948346,1
890.760930816,622,-127077.23805753887,3
891.761810944,623,-91465.30862252507,2
892.762770944,624,-190587.2757481709,6
893.763574784,625,-132417.59820521274,2
894.764491776,626,-124321.38848312944,1
895.765372928,627,-143300.10618430434,4
896.76627584,628,-161691.0092704594,1
898.768025856,630,-117213.19851354416,2
899.768957952,631,-135888.59902396286,2
900.769833984,632,-102642.6208026763,4
901.770797824,633,-203785.21446499228,3
902.77159296,634,-103590.50715057552,3
903.772545792,635,-145680.66286972445,3
904.773414912,636,-139981.48874135315,1
905.774303744,637,-145951.32641153038,3
