arm,run,subrun,tans,n,band,track,k_arm_applied
A,run_145,stat090_0000,raw,1271,1.287352582357376,1.2402875482849445,1.266243038161064
A,run_145,stat090_0000,cosmic_corrected,1271,1.1685158585231747,1.1342036328411282,1.266243038161064
A,run_145,stat090_0001,raw,1548,1.3010228246761997,1.237658812249186,1.266243038161064
A,run_145,stat090_0001,cosmic_corrected,1548,1.1814987064257378,1.1348653828400717,1.266243038161064
A,run_145,stat090_0002,raw,1521,1.3035168319456896,1.2493229167302844,1.266243038161064
A,run_145,stat090_0002,cosmic_corrected,1521,1.1849151943273957,1.1436105224779969,1.266243038161064
A,run_147,stat090_0000,raw,1698,1.302216674967866,1.253661953372037,1.2423295183099483
A,run_147,stat090_0000,cosmic_corrected,1698,1.1824921431997637,1.143502481681999,1.2423295183099483
A,run_147,stat090_0001,raw,1952,1.2942199328534834,1.2395502062095458,1.2423295183099483
A,run_147,stat090_0001,cosmic_corrected,1952,1.1757162048713174,1.1384840044133775,1.2423295183099483
A,run_147,stat090_0002,raw,2015,1.298080488032871,1.227224260786278,1.2423295183099483
A,run_147,stat090_0002,cosmic_corrected,2015,1.1780523175849078,1.1195435012386,1.2423295183099483
A,run_147,stat090_0003,raw,3984,1.313540552866754,1.1917256760625548,1.2423295183099483
A,run_147,stat090_0003,cosmic_corrected,3984,1.1919809190680064,1.0872486345789445,1.2423295183099483
A,run_147,stat090_0004,raw,2092,1.2832614733548635,1.2318150715340777,1.2423295183099483
A,run_147,stat090_0004,cosmic_corrected,2092,1.1646403027739012,1.1237470422261342,1.2423295183099483
A,run_147,stat090_0005,raw,1929,1.2958954932855282,1.2552714917150172,1.2423295183099483
A,run_147,stat090_0005,cosmic_corrected,1929,1.1763885129581262,1.1487536752253984,1.2423295183099483
A,run_147,stat090_0006,raw,3727,1.3043705987076963,1.165924785860984,1.2423295183099483
A,run_147,stat090_0006,cosmic_corrected,3727,1.1811634803934343,1.062476109739892,1.2423295183099483
A,run_147,stat090_0007,raw,1975,1.280502841854332,1.2247534196841503,1.2423295183099483
A,run_147,stat090_0007,cosmic_corrected,1975,1.1622704467095275,1.1232274882114446,1.2423295183099483
A,run_147,stat090_0008,raw,1978,1.2671427054335027,1.205544156315863,1.2423295183099483
A,run_147,stat090_0008,cosmic_corrected,1978,1.148010727009844,1.1046711083096243,1.2423295183099483
A,run_147,stat090_0009,raw,3305,1.2945236015602917,1.1890149982524374,1.2423295183099483
A,run_147,stat090_0009,cosmic_corrected,3305,1.1720190809101876,1.079575806018381,1.2423295183099483
A,run_147,stat090_0010,raw,1747,1.28537326933227,1.243279870529683,1.2423295183099483
A,run_147,stat090_0010,cosmic_corrected,1747,1.165393150023177,1.1396512937153678,1.2423295183099483
A,run_147,stat090_0011,raw,1726,1.2618131870559302,1.2213968797489954,1.2423295183099483
A,run_147,stat090_0011,cosmic_corrected,1726,1.1434959385260623,1.1124412411144156,1.2423295183099483
A,run_147,stat090_0012,raw,2579,1.2977825219527506,1.2002477683128756,1.2423295183099483
A,run_147,stat090_0012,cosmic_corrected,2579,1.1772850540573467,1.094659131943321,1.2423295183099483
A,run_147,stat090_0013,raw,1106,1.2976785922909928,1.2621891851635998,1.2423295183099483
A,run_147,stat090_0013,cosmic_corrected,1106,1.1791171670323697,1.1614491155719726,1.2423295183099483
A,run_147,stat090_0014,raw,1712,1.270155347608014,1.2227887894814058,1.2423295183099483
A,run_147,stat090_0014,cosmic_corrected,1712,1.1510207905856729,1.11593189268797,1.2423295183099483
A,run_147,stat090_0015,raw,1774,1.265878196266235,1.1987247629270923,1.2423295183099483
A,run_147,stat090_0015,cosmic_corrected,1774,1.14664951224855,1.0990618018663274,1.2423295183099483
A,run_147,stat090_0016,raw,3156,1.2967296440416716,1.1783159548699558,1.2423295183099483
A,run_147,stat090_0016,cosmic_corrected,3156,1.1757727754679654,1.0737316733183246,1.2423295183099483
A,run_147,stat090_0017,raw,1583,1.2749070382024628,1.240213703614775,1.2423295183099483
A,run_147,stat090_0017,cosmic_corrected,1583,1.1558005389095125,1.1286444320074382,1.2423295183099483
A,run_147,stat090_0018,raw,1789,1.2749100170977026,1.2428536402199457,1.2423295183099483
A,run_147,stat090_0018,cosmic_corrected,1789,1.1556189113488176,1.1365777141993998,1.2423295183099483
A,run_147,stat090_0019,raw,2309,1.2705675594477963,1.190875869760191,1.2423295183099483
A,run_147,stat090_0019,cosmic_corrected,2309,1.1515962427352444,1.0879751438241914,1.2423295183099483
A,run_147,stat090_0020,raw,1342,1.270289925989289,1.2077856632063089,1.2423295183099483
A,run_147,stat090_0020,cosmic_corrected,1342,1.1502523847588255,1.102469170711798,1.2423295183099483
A,run_150,stat090_0000,raw,1795,1.2603660534652568,1.2191600570871426,1.2202407421805077
A,run_150,stat090_0000,cosmic_corrected,1795,1.141208101448343,1.1149903247235882,1.2202407421805077
A,run_150,stat090_0001,raw,1874,1.247726141297453,1.212407325952095,1.2202407421805077
A,run_150,stat090_0001,cosmic_corrected,1874,1.1309388362806996,1.1153906651858287,1.2202407421805077
A,run_150,stat090_0002,raw,1969,1.2520875712492334,1.211687258629328,1.2202407421805077
A,run_150,stat090_0002,cosmic_corrected,1969,1.133359299600704,1.1049175803065563,1.2202407421805077
A,run_150,stat090_0003,raw,1964,1.2608073930779409,1.1906573906057043,1.2202407421805077
A,run_150,stat090_0003,cosmic_corrected,1964,1.1397538896745156,1.0873408528591793,1.2202407421805077
A,run_152,stat090_0000,raw,2030,1.270678592869939,1.2215946709112373,1.2148551483402554
A,run_152,stat090_0000,cosmic_corrected,2030,1.1518908178980931,1.1137466088402022,1.2148551483402554
A,run_152,stat090_0001,raw,2335,1.268258363174565,1.212605017512722,1.2148551483402554
A,run_152,stat090_0001,cosmic_corrected,2335,1.1488673201455168,1.1063987657074,1.2148551483402554
A,run_152,stat090_0002,raw,2490,1.259654208598474,1.189592469962945,1.2148551483402554
A,run_152,stat090_0002,cosmic_corrected,2490,1.1415210825559277,1.0895052644115903,1.2148551483402554
A,run_152,stat090_0003,raw,2370,1.2532199961731032,1.1899619981795255,1.2148551483402554
A,run_152,stat090_0003,cosmic_corrected,2370,1.133712687897231,1.089721217831309,1.2148551483402554
A,run_152,stat090_0004,raw,2207,1.2658316179368705,1.2229430548174205,1.2148551483402554
A,run_152,stat090_0004,cosmic_corrected,2207,1.1472253471718548,1.1132078430253445,1.2148551483402554
A,run_152,stat090_0005,raw,1427,1.2512245542987903,1.1829583638639571,1.2148551483402554
A,run_152,stat090_0005,cosmic_corrected,1427,1.1346468526523903,1.0758296168634107,1.2148551483402554
C,run_145,stat090_0000,raw,1398,1.770147401556018,1.5351110758413893,1.6164545507964962
C,run_145,stat090_0000,cosmic_corrected,1398,1.1671068014456862,1.0168437226957543,1.6164545507964962
C,run_145,stat090_0001,raw,1632,1.7919407489520982,1.578245497120747,1.6164545507964962
C,run_145,stat090_0001,cosmic_corrected,1632,1.1848712216609476,1.0443122332300263,1.6164545507964962
C,run_145,stat090_0002,raw,1699,1.800221327530017,1.548631697292425,1.6164545507964962
C,run_145,stat090_0002,cosmic_corrected,1699,1.1922753364310414,1.0265420098277993,1.6164545507964962
C,run_147,stat090_0000,raw,1827,1.7588710537742658,1.506817292162705,1.532585851414496
C,run_147,stat090_0000,cosmic_corrected,1827,1.1616641477434877,0.9994673617745232,1.532585851414496
C,run_147,stat090_0001,raw,2097,1.7952314980263273,1.5357582276347297,1.532585851414496
C,run_147,stat090_0001,cosmic_corrected,2097,1.1866750793928271,1.0210233547782892,1.532585851414496
C,run_147,stat090_0002,raw,2195,1.790489183562881,1.542847880306291,1.532585851414496
C,run_147,stat090_0002,cosmic_corrected,2195,1.1850437570884234,1.024661250891336,1.532585851414496
C,run_147,stat090_0003,raw,3947,1.8246047575984696,1.2878655141050777,1.532585851414496
C,run_147,stat090_0003,cosmic_corrected,3947,1.2016023605944888,0.8397724839730418,1.532585851414496
C,run_147,stat090_0004,raw,2286,1.7247067385264845,1.4757914498529847,1.532585851414496
C,run_147,stat090_0004,cosmic_corrected,2286,1.1364608784686596,0.9745195440736628,1.532585851414496
C,run_147,stat090_0005,raw,2213,1.7480941225467717,1.4979927812178575,1.532585851414496
C,run_147,stat090_0005,cosmic_corrected,2213,1.1539209942050035,0.9859539261185551,1.532585851414496
C,run_147,stat090_0006,raw,3707,2.1029081984651,1.2036076149728636,1.532585851414496
C,run_147,stat090_0006,cosmic_corrected,3707,1.368415913050489,0.7783118570032898,1.532585851414496
C,run_147,stat090_0007,raw,2126,1.725004246282792,1.5129800852841444,1.532585851414496
C,run_147,stat090_0007,cosmic_corrected,2126,1.1365561630904286,1.0040519541847532,1.532585851414496
C,run_147,stat090_0008,raw,2128,1.7155563930639144,1.4670691087317986,1.532585851414496
C,run_147,stat090_0008,cosmic_corrected,2128,1.1303646104771807,0.9647861894594892,1.532585851414496
C,run_147,stat090_0009,raw,3318,1.960349510548521,1.1873048167429676,1.532585851414496
C,run_147,stat090_0009,cosmic_corrected,3318,1.2814350340706788,0.7631603241949115,1.532585851414496
C,run_147,stat090_0010,raw,1959,1.720241794778715,1.4648881648908487,1.532585851414496
C,run_147,stat090_0010,cosmic_corrected,1959,1.1334965194534865,0.9656853913268878,1.532585851414496
C,run_147,stat090_0011,raw,2008,1.7144442548689525,1.456943371028483,1.532585851414496
C,run_147,stat090_0011,cosmic_corrected,2008,1.129892480269,0.9660429438352038,1.532585851414496
C,run_147,stat090_0012,raw,2483,1.7347373636799897,1.314237488254774,1.532585851414496
C,run_147,stat090_0012,cosmic_corrected,2483,1.1379437804064776,0.8591137686116554,1.532585851414496
C,run_147,stat090_0013,raw,1175,1.684323947773218,1.4558055834149983,1.532585851414496
C,run_147,stat090_0013,cosmic_corrected,1175,1.106884667386388,0.9608675448934908,1.532585851414496
C,run_147,stat090_0014,raw,2008,1.6981319505805488,1.452419623856251,1.532585851414496
C,run_147,stat090_0014,cosmic_corrected,2008,1.1148331038509207,0.955881611044362,1.532585851414496
C,run_147,stat090_0015,raw,1967,1.6888668423960993,1.4531428536056508,1.532585851414496
C,run_147,stat090_0015,cosmic_corrected,1967,1.110210293411064,0.9584608414632132,1.532585851414496
C,run_147,stat090_0016,raw,3286,1.7802722515110805,1.255280490068624,1.532585851414496
C,run_147,stat090_0016,cosmic_corrected,3286,1.166694570360796,0.8105211523128153,1.532585851414496
C,run_147,stat090_0017,raw,1763,1.7035535804876616,1.4832031620737356,1.532585851414496
C,run_147,stat090_0017,cosmic_corrected,1763,1.1193537389798085,0.974713979337156,1.532585851414496
C,run_147,stat090_0018,raw,1875,1.691875072186239,1.462870957441033,1.532585851414496
C,run_147,stat090_0018,cosmic_corrected,1875,1.1113027842937495,0.9653876145007884,1.532585851414496
C,run_147,stat090_0019,raw,2299,1.708987768018313,1.3580535756406953,1.532585851414496
C,run_147,stat090_0019,cosmic_corrected,2299,1.1254574526761436,0.8899370853273707,1.532585851414496
C,run_147,stat090_0020,raw,1421,1.6901801430717702,1.4604228306226057,1.532585851414496
C,run_147,stat090_0020,cosmic_corrected,1421,1.1121525011758944,0.9705708329588096,1.532585851414496
C,run_150,stat090_0000,raw,2093,1.6389494000043512,1.4202320868845095,1.4546813495219897
C,run_150,stat090_0000,cosmic_corrected,2093,1.0726075172527214,0.927588871732645,1.4546813495219897
C,run_150,stat090_0001,raw,2147,1.6304856441477231,1.3894147546458795,1.4546813495219897
C,run_150,stat090_0001,cosmic_corrected,2147,1.0669305820331512,0.9095864987028952,1.4546813495219897
C,run_150,stat090_0002,raw,2188,1.6229494292351634,1.4330072232318027,1.4546813495219897
C,run_150,stat090_0002,cosmic_corrected,2188,1.062054804022349,0.9288922249092586,1.4546813495219897
C,run_150,stat090_0003,raw,2005,1.6295924310892982,1.255138127021182,1.4546813495219897
C,run_150,stat090_0003,cosmic_corrected,2005,1.0651208988194882,0.8214260264717008,1.4546813495219897
C,run_152,stat090_0000,raw,2239,1.6491873796420908,1.4349999006441705,1.4344828322614458
C,run_152,stat090_0000,cosmic_corrected,2239,1.08013701176454,0.941401534705146,1.4344828322614458
C,run_152,stat090_0001,raw,2579,1.644316503389359,1.405750150607294,1.4344828322614458
C,run_152,stat090_0001,cosmic_corrected,2579,1.0770810225567842,0.9240515801073508,1.4344828322614458
C,run_152,stat090_0002,raw,2759,1.6358324904062838,1.372016730842461,1.4344828322614458
C,run_152,stat090_0002,cosmic_corrected,2759,1.0685849381741075,0.8936431901763178,1.4344828322614458
C,run_152,stat090_0003,raw,2546,1.603403674002067,1.3703811456817865,1.4344828322614458
C,run_152,stat090_0003,cosmic_corrected,2546,1.0460060786175438,0.8997354066134944,1.4344828322614458
C,run_152,stat090_0004,raw,2567,1.5887747604467024,1.3608012517268664,1.4344828322614458
C,run_152,stat090_0004,cosmic_corrected,2567,1.035314019445124,0.886999763028716,1.4344828322614458
C,run_152,stat090_0005,raw,1656,1.5814427063485907,1.3613683413935065,1.4344828322614458
C,run_152,stat090_0005,cosmic_corrected,1656,1.0310727476014927,0.892964055687609,1.4344828322614458
