ntof_hits_run_100_stat090_0000_224600.root	88914380
ntof_hits_run_100_stat090_0001_224600.root	90432388
ntof_hits_run_100_stat090_0002_224600.root	78211216
ntof_hits_run_100_stat090_0003_224600.root	21404984
ntof_hits_run_100_stat090_0003_224601.root	57654497
ntof_hits_run_100_stat090_0004_224601.root	90312878
ntof_hits_run_100_stat090_0005_224601.root	89637891
ntof_hits_run_100_stat090_0006_224601.root	41059508
ntof_hits_run_100_stat090_0006_224602.root	48470615
ntof_hits_run_100_stat090_0007_224602.root	91606701
ntof_hits_run_100_stat090_0008_224603.root	91602381
ntof_hits_run_100_stat090_0009_224603.root	90693202
ntof_hits_run_100_stat090_0010_224603.root	42675425
ntof_hits_run_100_stat090_0010_224604.root	52177813
ntof_hits_run_100_stat090_0011_224604.root	94984725
ntof_hits_run_100_stat090_0012_224604.root	89876547
ntof_hits_run_100_stat090_0013_224604.root	20257491
ntof_hits_run_100_stat090_0013_224605.root	58999526
ntof_hits_run_100_stat090_0014_224605.root	48684407
ntof_hits_run_102_stat090_0000_224606.root	87303998
ntof_hits_run_102_stat090_0001_224606.root	94243467
ntof_hits_run_102_stat090_0002_224606.root	80752475
ntof_hits_run_102_stat090_0002_224607.root	12753672
ntof_hits_run_102_stat090_0003_224607.root	49350481
ntof_hits_run_104_stat090_0000_224614.root	83834494
ntof_hits_run_104_stat090_0001_224614.root	85414035
ntof_hits_run_104_stat090_0002_224614.root	87790171
ntof_hits_run_104_stat090_0003_224614.root	35863190
ntof_hits_run_104_stat090_0003_224615.root	53289549
ntof_hits_run_104_stat090_0004_224615.root	89409117
ntof_hits_run_104_stat090_0005_224615.root	89133027
ntof_hits_run_104_stat090_0006_224615.root	34686933
ntof_hits_run_104_stat090_0006_224616.root	54532113
ntof_hits_run_104_stat090_0007_224616.root	89638311
ntof_hits_run_104_stat090_0008_224616.root	89613892
ntof_hits_run_104_stat090_0009_224616.root	76980924
ntof_hits_run_104_stat090_0009_224617.root	12042183
ntof_hits_run_104_stat090_0010_224617.root	90336949
ntof_hits_run_104_stat090_0011_224617.root	90423087
ntof_hits_run_104_stat090_0012_224617.root	84165547
ntof_hits_run_104_stat090_0013_224617.root	34513626
ntof_hits_run_104_stat090_0013_224618.root	49617442
ntof_hits_run_104_stat090_0014_224618.root	93778973
ntof_hits_run_104_stat090_0015_224618.root	86318021
ntof_hits_run_104_stat090_0016_224618.root	7346671
ntof_hits_run_106_stat090_0000_224619.root	46652664
ntof_hits_run_106_stat090_0001_224619.root	70328913
ntof_hits_run_106_stat090_0002_224619.root	52905860
ntof_hits_run_106_stat090_0003_224619.root	48484864
ntof_hits_run_106_stat090_0004_224619.root	35961258
ntof_hits_run_106_stat090_0004_224620.root	34508614
ntof_hits_run_106_stat090_0005_224620.root	51759289
ntof_hits_run_106_stat090_0006_224620.root	48308703
ntof_hits_run_106_stat090_0007_224620.root	52370157
ntof_hits_run_106_stat090_0008_224620.root	62466078
ntof_hits_run_106_stat090_0009_224620.root	15685932
ntof_hits_run_106_stat090_0009_224621.root	77466862
ntof_hits_run_106_stat090_0010_224621.root	78115749
ntof_hits_run_108_stat090_0000_224623.root	78016661
ntof_hits_run_108_stat090_0001_224623.root	90118029
ntof_hits_run_108_stat090_0002_224623.root	90110307
ntof_hits_run_108_stat090_0003_224623.root	4536476
ntof_hits_run_108_stat090_0003_224624.root	85673513
ntof_hits_run_108_stat090_0004_224624.root	90570233
ntof_hits_run_108_stat090_0005_224624.root	71142408
ntof_hits_run_110_stat090_0000_224624.root	33085694
ntof_hits_run_110_stat090_0000_224625.root	57190879
ntof_hits_run_110_stat090_0001_224625.root	99876712
ntof_hits_run_110_stat090_0002_224625.root	99642084
ntof_hits_run_110_stat090_0003_224625.root	542495
ntof_hits_run_112_stat090_0000_224628.root	75487189
ntof_hits_run_112_stat090_0001_224628.root	94521763
ntof_hits_run_112_stat090_0002_224628.root	78200090
ntof_hits_run_114_stat090_0000_224628.root	12841719
ntof_hits_run_114_stat090_0000_224629.root	57032359
ntof_hits_run_114_stat090_0001_224629.root	88421863
ntof_hits_run_114_stat090_0002_224629.root	89220040
ntof_hits_run_114_stat090_0003_224629.root	15667846
ntof_hits_run_114_stat090_0003_224630.root	51579194
ntof_hits_run_116_stat090_0000_224631.root	50763770
ntof_hits_run_116_stat090_0000_224632.root	36751620
ntof_hits_run_116_stat090_0001_224632.root	89385629
ntof_hits_run_116_stat090_0002_224632.root	84943891
ntof_hits_run_116_stat090_0003_224632.root	89278845
ntof_hits_run_116_stat090_0004_224632.root	81719239
ntof_hits_run_116_stat090_0004_224633.root	7890278
ntof_hits_run_116_stat090_0005_224633.root	90743549
ntof_hits_run_116_stat090_0006_224633.root	89301237
ntof_hits_run_116_stat090_0007_224633.root	75041531
ntof_hits_run_116_stat090_0007_224634.root	13589579
ntof_hits_run_116_stat090_0008_224634.root	89305929
ntof_hits_run_116_stat090_0009_224634.root	89173405
ntof_hits_run_116_stat090_0010_224634.root	67543162
ntof_hits_run_116_stat090_0010_224635.root	20497294
ntof_hits_run_116_stat090_0011_224635.root	89361429
ntof_hits_run_116_stat090_0012_224635.root	89075729
ntof_hits_run_116_stat090_0013_224635.root	75724665
ntof_hits_run_116_stat090_0013_224636.root	11911350
ntof_hits_run_116_stat090_0014_224636.root	72536129
ntof_hits_run_116_stat090_0015_224636.root	74816098
ntof_hits_run_116_stat090_0016_224636.root	84515827
ntof_hits_run_116_stat090_0017_224636.root	39112386
ntof_hits_run_116_stat090_0017_224637.root	50076031
ntof_hits_run_116_stat090_0018_224637.root	90681571
ntof_hits_run_116_stat090_0019_224637.root	89650433
ntof_hits_run_116_stat090_0020_224637.root	70731668
ntof_hits_run_116_stat090_0020_224638.root	16937942
ntof_hits_run_116_stat090_0021_224638.root	91922560
ntof_hits_run_116_stat090_0022_224638.root	81972551
ntof_hits_run_116_stat090_0023_224638.root	79067902
ntof_hits_run_116_stat090_0023_224639.root	734892
ntof_hits_run_116_stat090_0024_224639.root	81578222
ntof_hits_run_116_stat090_0025_224639.root	97355694
ntof_hits_run_116_stat090_0026_224639.root	97468856
ntof_hits_run_116_stat090_0027_224639.root	6332411
ntof_hits_run_116_stat090_0027_224640.root	91359871
ntof_hits_run_116_stat090_0028_224640.root	84189664
ntof_hits_run_118_stat090_0000_224641.root	90175636
ntof_hits_run_118_stat090_0001_224641.root	98202220
ntof_hits_run_118_stat090_0002_224641.root	71483937
ntof_hits_run_118_stat090_0002_224642.root	27016421
ntof_hits_run_118_stat090_0003_224642.root	97396456
ntof_hits_run_118_stat090_0004_224642.root	97120406
ntof_hits_run_118_stat090_0005_224642.root	40819832
ntof_hits_run_118_stat090_0005_224643.root	55666509
ntof_hits_run_118_stat090_0006_224643.root	97795481
ntof_hits_run_118_stat090_0007_224643.root	97898748
ntof_hits_run_118_stat090_0008_224643.root	10237646
ntof_hits_run_118_stat090_0008_224644.root	87287736
ntof_hits_run_118_stat090_0009_224644.root	97658037
ntof_hits_run_118_stat090_0010_224644.root	97622796
ntof_hits_run_118_stat090_0011_224644.root	63281979
ntof_hits_run_118_stat090_0011_224645.root	32287541
ntof_hits_run_118_stat090_0012_224645.root	98734534
ntof_hits_run_118_stat090_0013_224645.root	97939739
ntof_hits_run_118_stat090_0014_224645.root	73576279
ntof_hits_run_118_stat090_0014_224646.root	21935526
ntof_hits_run_118_stat090_0015_224646.root	97326017
ntof_hits_run_118_stat090_0016_224646.root	97019398
ntof_hits_run_118_stat090_0017_224646.root	57875149
ntof_hits_run_118_stat090_0017_224647.root	38356692
ntof_hits_run_118_stat090_0018_224647.root	97130202
ntof_hits_run_118_stat090_0019_224647.root	91417844
ntof_hits_run_118_stat090_0020_224647.root	21107482
ntof_hits_run_118_stat090_0020_224648.root	2489308
ntof_hits_run_122_stat090_0000_224652.root	85602106
ntof_hits_run_124_stat090_0000_224652.root	87011526
ntof_hits_run_124_stat090_0001_224652.root	87753731
ntof_hits_run_124_stat090_0002_224652.root	42256893
ntof_hits_run_124_stat090_0002_224653.root	49031611
ntof_hits_run_124_stat090_0003_224653.root	92879922
ntof_hits_run_124_stat090_0004_224653.root	93341231
ntof_hits_run_124_stat090_0005_224653.root	47745437
ntof_hits_run_124_stat090_0005_224654.root	44929601
ntof_hits_run_124_stat090_0006_224654.root	82549199
ntof_hits_run_124_stat090_0007_224654.root	88232809
ntof_hits_run_124_stat090_0008_224654.root	41389428
ntof_hits_run_124_stat090_0008_224655.root	53669923
ntof_hits_run_124_stat090_0009_224655.root	93520096
ntof_hits_run_124_stat090_0010_224655.root	82025678
ntof_hits_run_124_stat090_0011_224655.root	25187421
ntof_hits_run_124_stat090_0011_224656.root	58998050
ntof_hits_run_124_stat090_0012_224656.root	86072793
ntof_hits_run_124_stat090_0013_224656.root	83248838
ntof_hits_run_124_stat090_0014_224656.root	39059785
ntof_hits_run_124_stat090_0014_224657.root	41615401
ntof_hits_run_124_stat090_0015_224657.root	72402801
ntof_hits_run_124_stat090_0016_224657.root	42444269
ntof_hits_run_124_stat090_0017_224657.root	12805267
ntof_hits_run_126_stat090_0000_224659.root	4162228
ntof_hits_run_128_stat090_0000_224660.root	13641281
ntof_hits_run_130_stat090_0000_224660.root	43713628
ntof_hits_run_130_stat090_0001_224660.root	58446412
ntof_hits_run_130_stat090_0002_224660.root	58633691
ntof_hits_run_130_stat090_0003_224660.root	57797962
ntof_hits_run_130_stat090_0004_224660.root	14970677
ntof_hits_run_132_stat090_0000_224660.root	14074297
ntof_hits_run_132_stat090_0000_224661.root	48436479
ntof_hits_run_132_stat090_0001_224661.root	75098645
ntof_hits_run_132_stat090_0002_224661.root	75372069
ntof_hits_run_132_stat090_0003_224661.root	55304190
ntof_hits_run_132_stat090_0003_224662.root	17791459
ntof_hits_run_132_stat090_0004_224662.root	73272483
ntof_hits_run_132_stat090_0005_224662.root	73390941
ntof_hits_run_132_stat090_0006_224662.root	73244465
ntof_hits_run_132_stat090_0007_224662.root	9607184
ntof_hits_run_132_stat090_0007_224663.root	62934728
ntof_hits_run_132_stat090_0008_224663.root	72384032
ntof_hits_run_132_stat090_0009_224663.root	72707642
ntof_hits_run_132_stat090_0010_224663.root	5219663
ntof_hits_run_135_stat090_0000_224664.root	28286165
ntof_hits_run_139_stat090_0000_224666.root	67691083
ntof_hits_run_139_stat090_0001_224666.root	73890673
ntof_hits_run_139_stat090_0002_224666.root	72617513
ntof_hits_run_139_stat090_0003_224666.root	40217207
ntof_hits_run_139_stat090_0003_224667.root	29875936
ntof_hits_run_139_stat090_0004_224667.root	73156761
ntof_hits_run_139_stat090_0005_224667.root	64350246
ntof_hits_run_139_stat090_0006_224667.root	62693694
ntof_hits_run_139_stat090_0007_224667.root	27121199
ntof_hits_run_139_stat090_0007_224668.root	36207050
ntof_hits_run_139_stat090_0008_224668.root	63852776
ntof_hits_run_139_stat090_0009_224668.root	63624598
ntof_hits_run_139_stat090_0010_224668.root	49081036
ntof_hits_run_141_stat090_0000_224669.root	66303968
ntof_hits_run_143_stat090_0000_224670.root	48002102
ntof_hits_run_143_stat090_0001_224670.root	12454873
ntof_hits_run_145_stat090_0000_224670.root	53846775
ntof_hits_run_145_stat090_0001_224670.root	60622060
ntof_hits_run_145_stat090_0002_224670.root	62435645
ntof_hits_run_147_stat090_0000_224671.root	69225571
ntof_hits_run_147_stat090_0001_224671.root	80365312
ntof_hits_run_147_stat090_0002_224671.root	86835770
ntof_hits_run_147_stat090_0003_224671.root	16153273
ntof_hits_run_147_stat090_0003_224672.root	74769886
ntof_hits_run_147_stat090_0004_224672.root	88795688
ntof_hits_run_147_stat090_0005_224672.root	83482292
ntof_hits_run_147_stat090_0006_224672.root	7646999
ntof_hits_run_147_stat090_0006_224673.root	75824537
ntof_hits_run_147_stat090_0007_224673.root	83777096
ntof_hits_run_147_stat090_0008_224673.root	83389457
ntof_hits_run_147_stat090_0009_224673.root	11661865
ntof_hits_run_147_stat090_0009_224674.root	65184486
ntof_hits_run_147_stat090_0010_224674.root	76767213
ntof_hits_run_147_stat090_0011_224674.root	80304211
ntof_hits_run_147_stat090_0012_224674.root	29387391
ntof_hits_run_147_stat090_0012_224675.root	38198802
ntof_hits_run_147_stat090_0013_224675.root	46533465
ntof_hits_run_147_stat090_0014_224675.root	76944017
ntof_hits_run_147_stat090_0015_224675.root	77785600
ntof_hits_run_147_stat090_0016_224675.root	14950484
ntof_hits_run_147_stat090_0016_224676.root	59432763
ntof_hits_run_147_stat090_0017_224676.root	68981176
ntof_hits_run_147_stat090_0018_224676.root	72591228
ntof_hits_run_147_stat090_0019_224676.root	49159275
ntof_hits_run_147_stat090_0019_224677.root	21592006
ntof_hits_run_147_stat090_0020_224677.root	55557642
ntof_hits_run_150_stat090_0000_224688.root	76399262
ntof_hits_run_150_stat090_0001_224688.root	82088295
ntof_hits_run_150_stat090_0002_224688.root	84031243
ntof_hits_run_150_stat090_0003_224688.root	31322608
ntof_hits_run_150_stat090_0003_224689.root	25072937
ntof_hits_run_152_stat090_0000_224690.root	83139691
ntof_hits_run_152_stat090_0001_224690.root	97584292
ntof_hits_run_152_stat090_0002_224690.root	87830960
ntof_hits_run_152_stat090_0002_224691.root	8511878
ntof_hits_run_152_stat090_0003_224691.root	96794845
ntof_hits_run_152_stat090_0004_224691.root	96762198
ntof_hits_run_152_stat090_0005_224691.root	62322482
ntof_hits_run_154_stat090_0000_224692.root	91234237
ntof_hits_run_154_stat090_0001_224692.root	91089921
ntof_hits_run_154_stat090_0002_224692.root	91320122
ntof_hits_run_154_stat090_0003_224692.root	10084146
ntof_hits_run_154_stat090_0003_224693.root	80472749
ntof_hits_run_154_stat090_0004_224693.root	82318913
ntof_hits_run_154_stat090_0005_224693.root	74133603
ntof_hits_run_154_stat090_0006_224693.root	18085360
ntof_hits_run_154_stat090_0006_224694.root	58024288
ntof_hits_run_154_stat090_0007_224694.root	26723025
ntof_hits_run_156_stat090_0000_224695.root	85530645
ntof_hits_run_156_stat090_0001_224695.root	85893432
ntof_hits_run_156_stat090_0002_224695.root	69685120
ntof_hits_run_156_stat090_0003_224695.root	10508124
ntof_hits_run_156_stat090_0003_224696.root	67896215
ntof_hits_run_156_stat090_0004_224696.root	92378559
ntof_hits_run_156_stat090_0005_224696.root	89945052
ntof_hits_run_156_stat090_0006_224696.root	8325155
ntof_hits_run_156_stat090_0006_224697.root	79285581
ntof_hits_run_156_stat090_0007_224697.root	88312804
ntof_hits_run_156_stat090_0008_224697.root	85681359
ntof_hits_run_156_stat090_0009_224697.root	4514831
ntof_hits_run_156_stat090_0009_224698.root	91281374
ntof_hits_run_156_stat090_0010_224698.root	97205339
ntof_hits_run_156_stat090_0011_224698.root	72186388
ntof_hits_run_156_stat090_0011_224699.root	23016310
ntof_hits_run_156_stat090_0012_224699.root	98568139
ntof_hits_run_156_stat090_0013_224699.root	98106496
ntof_hits_run_156_stat090_0014_224699.root	36991855
ntof_hits_run_156_stat090_0014_224700.root	60100488
ntof_hits_run_156_stat090_0015_224700.root	98130306
ntof_hits_run_156_stat090_0016_224700.root	99931623
ntof_hits_run_156_stat090_0017_224700.root	99460020
ntof_hits_run_156_stat090_0018_224700.root	42825459
ntof_hits_run_156_stat090_0018_224701.root	55993497
ntof_hits_run_156_stat090_0019_224701.root	100391755
ntof_hits_run_156_stat090_0020_224701.root	99761826
ntof_hits_run_156_stat090_0021_224701.root	100312567
ntof_hits_run_156_stat090_0022_224701.root	49736571
ntof_hits_run_156_stat090_0022_224702.root	49944329
ntof_hits_run_156_stat090_0023_224702.root	32104124
ntof_hits_run_158_stat090_0000_224703.root	100482626
ntof_hits_run_158_stat090_0001_224703.root	100210441
ntof_hits_run_158_stat090_0002_224703.root	56545082
ntof_hits_run_158_stat090_0002_224704.root	42656355
ntof_hits_run_158_stat090_0003_224704.root	99866330
ntof_hits_run_158_stat090_0004_224704.root	99001812
ntof_hits_run_158_stat090_0005_224704.root	16015148
ntof_hits_run_158_stat090_0005_224705.root	46746721
ntof_hits_run_160_stat090_0000_224707.root	57158224
ntof_hits_run_161_stat090_dA500rA530_024_224709.root	36131488
ntof_hits_run_161_stat090_dA500rA540_023_224709.root	38602728
ntof_hits_run_161_stat090_dA500rA550_022_224709.root	39149926
ntof_hits_run_161_stat090_dA500rA560_021_224709.root	38919820
ntof_hits_run_161_stat090_dA500rA570_020_224709.root	39598229
ntof_hits_run_161_stat090_dA600rA530_019_224709.root	38550433
ntof_hits_run_161_stat090_dA600rA540_018_224709.root	38102821
ntof_hits_run_161_stat090_dA600rA550_017_224709.root	37898945
ntof_hits_run_161_stat090_dA600rA560_016_224709.root	36491525
ntof_hits_run_161_stat090_dA600rA570_015_224709.root	34448466
ntof_hits_run_161_stat090_dA700rA500_014_224709.root	12747106
ntof_hits_run_161_stat090_dA700rA505_013_224709.root	33845948
ntof_hits_run_161_stat090_dA700rA510_012_224709.root	34232471
ntof_hits_run_161_stat090_dA700rA515_011_224709.root	32634445
ntof_hits_run_161_stat090_dA700rA520_010_224709.root	34210116
ntof_hits_run_161_stat090_dA700rA525_009_224709.root	34634271
ntof_hits_run_161_stat090_dA700rA530_008_224709.root	34882967
ntof_hits_run_161_stat090_dA700rA535_007_224709.root	34810504
ntof_hits_run_161_stat090_dA700rA540_006_224709.root	34864105
ntof_hits_run_161_stat090_dA700rA545_005_224709.root	34824797
ntof_hits_run_161_stat090_dA700rA550_004_224709.root	35214884
ntof_hits_run_161_stat090_dA700rA555_003_224709.root	35659793
ntof_hits_run_161_stat090_dA700rA560_002_224709.root	35194296
ntof_hits_run_161_stat090_dA700rA565_001_224709.root	33240212
ntof_hits_run_161_stat090_dA700rA570_000_224709.root	36564027
ntof_hits_run_162_stat090_0000_224710.root	8743119
ntof_hits_run_162_stat090_0000_224711.root	83952885
ntof_hits_run_162_stat090_0001_224711.root	91488256
ntof_hits_run_162_stat090_0002_224711.root	69494572
ntof_hits_run_162_stat090_0002_224712.root	21354105
ntof_hits_run_162_stat090_0003_224712.root	91031626
ntof_hits_run_162_stat090_0004_224712.root	16722655
ntof_hits_run_162_stat090_0004_224713.root	74441855
ntof_hits_run_162_stat090_0005_224713.root	92141324
ntof_hits_run_162_stat090_0006_224713.root	92203011
ntof_hits_run_162_stat090_0007_224713.root	3552651
ntof_hits_run_162_stat090_0007_224714.root	87560901
ntof_hits_run_162_stat090_0008_224714.root	91388185
ntof_hits_run_162_stat090_0009_224714.root	89495992
ntof_hits_run_162_stat090_0010_224714.root	56343112
ntof_hits_run_162_stat090_0010_224715.root	34594922
ntof_hits_run_162_stat090_0011_224715.root	91894004
ntof_hits_run_162_stat090_0012_224715.root	86220203
ntof_hits_run_162_stat090_0013_224715.root	3043331
ntof_hits_run_42_frand_dr800_A475_17_00_224458.root	34149667
ntof_hits_run_43_scint_gaschg_dr800_A480_00_224460.root	277869419
ntof_hits_run_43_scint_gaschg_dr800_A480_01_224460.root	45759235
ntof_hits_run_51_scintd_s1_dr800_dA550_A480_D460_09_224481.root	47478106
ntof_hits_run_64_sngPSmesh_dr300_r550_043_224525.root	783027
ntof_hits_run_64_sngPSmesh_dr300_r570_015_224524.root	1225959
ntof_hits_run_64_sngPSmesh_dr600_r535_021_224525.root	1209115
ntof_hits_run_64_sngPSmesh_dr600_r545_013_224524.root	1458913
ntof_hits_run_67_m090On_dr500_r540_050_224543.root	11503321
ntof_hits_run_67_m090On_dr500_r550_044_224543.root	11860355
ntof_hits_run_67_m113On_dr500_r520_061_224544.root	8580231
ntof_hits_run_67_m113On_dr500_r525_058_224544.root	9622563
ntof_hits_run_67_recon_m113On_dr600_r530_001_224539.root	4923043
ntof_hits_run_67_recon_m141On_dr600_r530_000_224539.root	4308979
ntof_hits_run_69_m090On_new_c_005_224545.root	3147815
ntof_hits_run_71_acmeshOff_dr700_ri1_0019_224547.root	21097431
ntof_hits_run_75_acmeshOff_dr600_ri0_0055_224560.root	21808698
ntof_hits_run_75_acmeshOff_dr600_ri1_0056_224560.root	21551277
ntof_hits_run_76_acmeshOff_dr600_ri0_0005_224561.root	46650380
ntof_hits_run_76_acmeshOff_dr600_ri0_0015_224563.root	44175421
ntof_hits_run_76_acmeshOff_dr600_ri0_0045_224569.root	42862175
ntof_hits_run_76_acmeshOff_dr600_ri1_0006_224561.root	43324504
ntof_hits_run_76_acmeshOff_dr600_ri1_0016_224563.root	43503948
ntof_hits_run_76_acmeshOff_dr600_ri1_0036_224568.root	45778874
ntof_hits_run_76_acmeshOff_dr600_ri1_0046_224569.root	39314128
ntof_hits_run_76_acmeshOff_dr600_ri2_0037_224568.root	47089676
ntof_hits_run_76_acmeshOff_dr600_ri3_0018_224564.root	31946938
ntof_hits_run_76_acmeshOff_dr600_ri3_0028_224566.root	14333274
ntof_hits_run_76_acmeshOff_dr600_ri3_0038_224568.root	39606772
ntof_hits_run_76_acmeshOff_dr600_ri4_0019_224564.root	47134389
ntof_hits_run_76_acmeshOff_dr600_ri4_0029_224566.root	46835078
ntof_hits_run_76_acmeshOff_dr700_ri0_0030_224566.root	46721898
ntof_hits_run_76_acmeshOff_dr700_ri1_0001_224561.root	26048090
ntof_hits_run_76_acmeshOff_dr700_ri2_0002_224561.root	45306540
ntof_hits_run_76_acmeshOff_dr700_ri3_0003_224561.root	46757190
ntof_hits_run_77_stat090_0000_224570.root	95819382
ntof_hits_run_77_stat090_0001_224570.root	95445875
ntof_hits_run_77_stat090_0002_224570.root	81384442
ntof_hits_run_77_stat090_0002_224571.root	3709419
ntof_hits_run_77_stat090_0003_224571.root	97787523
ntof_hits_run_77_stat090_0004_224571.root	87295961
ntof_hits_run_77_stat090_0005_224571.root	18129026
ntof_hits_run_78_stat090_lat033_c0_0000_224571.root	8060041
ntof_hits_run_78_stat090_lat035_c0_0001_224571.root	4872407
ntof_hits_run_78_stat090_lat043_c0_0003_224571.root	2257582
ntof_hits_run_78_stat090_lat051_c0_0005_224571.root	2309131
ntof_hits_run_79_stat090_0000_224572.root	94554205
ntof_hits_run_79_stat090_0001_224572.root	97029546
ntof_hits_run_79_stat090_0002_224572.root	73338114
ntof_hits_run_79_stat090_0002_224573.root	22928949
ntof_hits_run_79_stat090_0003_224573.root	97064376
ntof_hits_run_79_stat090_0004_224573.root	96945269
ntof_hits_run_79_stat090_0005_224573.root	68600031
ntof_hits_run_79_stat090_0005_224574.root	27882681
ntof_hits_run_79_stat090_0006_224574.root	97246041
ntof_hits_run_79_stat090_0007_224574.root	98021943
ntof_hits_run_79_stat090_0008_224574.root	56421531
ntof_hits_run_79_stat090_0008_224575.root	28305597
ntof_hits_run_79_stat090_0008_224576.root	6401861
ntof_hits_run_79_stat090_0009_224576.root	106917485
ntof_hits_run_79_stat090_0010_224576.root	107112750
ntof_hits_run_79_stat090_0011_224576.root	58919226
ntof_hits_run_79_stat090_0011_224577.root	46408455
ntof_hits_run_79_stat090_0012_224577.root	104218134
ntof_hits_run_79_stat090_0013_224577.root	95572741
ntof_hits_run_79_stat090_0014_224577.root	41919873
ntof_hits_run_79_stat090_0014_224578.root	49431236
ntof_hits_run_79_stat090_0015_224578.root	76106685
ntof_hits_run_81_stat090_0000_224580.root	80303796
ntof_hits_run_81_stat090_0001_224580.root	8899773
ntof_hits_run_81_stat090_0001_224581.root	20909533
ntof_hits_run_82_stat090_h1i2_0001_224581.root	4457360
ntof_hits_run_82_stat090_h1i2_0006_224581.root	3979439
ntof_hits_run_82_stat090_h1i5_0003_224581.root	4207782
ntof_hits_run_82_stat090_h1i5_0004_224581.root	4342856
ntof_hits_run_82_stat090_h2i2_0002_224581.root	5155051
ntof_hits_run_82_stat090_h2i2_0005_224581.root	4402677
ntof_hits_run_82_stat090_h2i5_0000_224581.root	4846282
ntof_hits_run_82_stat090_h2i5_0007_224581.root	1196143
ntof_hits_run_84_stat090_0000_224582.root	27069403
ntof_hits_run_86_stat090_0000_224583.root	47844378
ntof_hits_run_86_stat090_0001_224583.root	47011514
ntof_hits_run_86_stat090_0002_224583.root	67754155
ntof_hits_run_86_stat090_0003_224583.root	86190000
ntof_hits_run_86_stat090_0003_224584.root	863288
ntof_hits_run_86_stat090_0004_224584.root	85721269
ntof_hits_run_86_stat090_0005_224584.root	91891286
ntof_hits_run_86_stat090_0006_224584.root	69306610
ntof_hits_run_86_stat090_0006_224585.root	20919393
ntof_hits_run_86_stat090_0007_224585.root	92465223
ntof_hits_run_86_stat090_0008_224585.root	83663251
ntof_hits_run_88_stat090_0000_224585.root	59513875
ntof_hits_run_88_stat090_0000_224586.root	30127600
ntof_hits_run_88_stat090_0001_224586.root	87695367
ntof_hits_run_88_stat090_0002_224586.root	86483740
ntof_hits_run_88_stat090_0003_224586.root	55441800
ntof_hits_run_88_stat090_0003_224587.root	26429209
ntof_hits_run_88_stat090_0004_224587.root	67363219
ntof_hits_run_96_stat090_0000_224597.root	71930422
ntof_hits_run_96_stat090_0001_224597.root	67719528
ntof_hits_run_96_stat090_0002_224597.root	69270082
ntof_hits_run_96_stat090_0003_224597.root	59977670
ntof_hits_run_96_stat090_0003_224598.root	5824646
ntof_hits_run_96_stat090_0004_224598.root	5865590
ntof_hits_run_98_stat090_0000_224598.root	83747810
ntof_hits_run_98_stat090_0001_224598.root	11752896
ntof_hits_run_98_stat090_0001_224599.root	6187047
