run,raw_files,raw_MB,parts,parts_MB,merged_bytes,state
224264,0,0,1,0,25909,MERGED
224265,0,0,1,0,26117,MERGED
224266,0,0,30,48,49320592,MERGED
224267,0,0,14,23,24559012,MERGED
224268,0,0,1,0,890332,MERGED
224269,10,873,3,2,2904739,MERGED
224270,154,27761,39,64,65883130,MERGED
224271,0,0,49,83,84504281,MERGED
224272,0,0,47,75,76772668,MERGED
224273,0,0,37,52,52838983,MERGED
224274,0,0,33,55,57231046,MERGED
224275,0,0,2,2,2856821,MERGED
224276,0,0,1,0,294964,MERGED
224277,0,0,37,64,65731167,MERGED
224278,0,0,18,30,31650571,MERGED
224279,157,4545,40,66,67673172,MERGED
224280,0,0,39,64,65901807,MERGED
224281,0,0,43,71,72941244,MERGED
224282,0,0,39,66,67463006,MERGED
224283,0,0,21,33,33989093,MERGED
224284,0,0,46,71,72216960,MERGED
224285,0,0,19,29,30138074,MERGED
224286,0,0,2,2,2858218,MERGED
224287,0,0,3,3,3547288,MERGED
224288,0,0,42,65,66839155,MERGED
224289,0,0,44,69,70400081,MERGED
224290,0,0,42,66,67399558,MERGED
224291,0,0,29,46,47377738,MERGED
224292,0,0,41,65,66263000,MERGED
224293,0,0,39,63,64498944,MERGED
224294,87,2738,22,35,36021181,MERGED
224295,0,0,27,41,42704512,MERGED
224296,0,0,31,50,51346759,MERGED
224297,0,0,19,13,13578835,MERGED
224298,0,0,1,0,1004931,MERGED
224299,0,0,4,5,5940006,MERGED
224300,0,0,1,0,183294,MERGED
224301,0,0,27,43,44403701,MERGED
224302,154,14793,16,63,65322244,MERGED
224303,0,0,39,64,65693533,MERGED
224304,0,0,16,63,65932941,MERGED
224305,0,0,32,52,53978978,MERGED
224306,0,0,37,61,63162831,MERGED
224307,0,0,22,37,39104914,MERGED
224308,0,0,42,68,69729793,MERGED
224309,0,0,34,55,57074400,MERGED
224310,0,0,40,64,66023585,MERGED
224311,0,0,26,39,40769748,MERGED
224312,0,0,44,64,65649734,MERGED
224313,0,0,40,65,66541539,MERGED
224314,0,0,20,32,33387621,MERGED
224315,0,0,37,61,62838495,MERGED
224316,0,0,40,65,66299978,MERGED
224317,0,0,7,9,9475886,MERGED
224318,0,0,45,65,66370322,MERGED
224319,0,0,42,64,65710735,MERGED
224320,0,0,45,64,65684048,MERGED
224321,0,0,40,63,64995798,MERGED
224322,0,0,7,12,12521058,MERGED
224323,0,0,1,0,27236,MERGED
224324,0,0,52,4,2458167,MERGED
224325,264,3661,66,6,3193406,MERGED
224326,0,0,41,63,64477461,MERGED
224327,173,5401,44,66,67606467,MERGED
224328,0,0,46,64,65151892,MERGED
224329,0,0,28,31,32253402,MERGED
224330,0,0,1,0,56363,MERGED
224331,0,0,1,0,61468,MERGED
224332,0,0,1,0,56591,MERGED
224333,0,0,1,0,57361,MERGED
224334,0,0,1,0,56192,MERGED
224335,0,0,1,0,57313,MERGED
224336,0,0,1,0,71677,MERGED
224337,0,0,1,0,64357,MERGED
224338,0,0,1,0,62889,MERGED
224339,0,0,1,0,67114,MERGED
224341,0,0,1,16,17545101,MERGED
224342,0,0,1,7,8260038,MERGED
224343,0,0,1,1,2008431,MERGED
224344,0,0,1,0,119740,MERGED
224345,152,283507,38,7125,7469742268,MERGED
224346,0,0,39,8327,8730228694,MERGED
224347,0,0,42,8876,9305556695,MERGED
224348,0,0,48,5990,6279098408,MERGED
224349,0,0,30,3339,3500485777,MERGED
224350,0,0,1,164,172336949,MERGED
224351,0,0,31,7491,7854260692,MERGED
224352,0,0,2,199,208714659,MERGED
224353,0,0,6,960,1006706013,MERGED
224354,0,0,6,2129,2232530673,MERGED
224355,0,0,47,10837,11362823196,MERGED
224356,0,0,43,10870,11398077863,MERGED
224357,0,0,42,9926,10408147275,MERGED
224358,0,0,41,9253,9701937506,MERGED
224359,0,0,18,9889,10370590575,MERGED
224360,0,0,7,1719,1802955550,MERGED
224361,0,0,41,13825,14497213432,MERGED
224362,0,0,43,13608,14268825486,MERGED
224363,0,0,46,14851,15572325808,MERGED
224364,34,93973,9,2771,2905706660,MERGED
224365,0,0,43,14175,14863707881,MERGED
224366,0,0,43,13772,14440831519,MERGED
224367,0,0,43,13300,13946545833,MERGED
224368,0,0,48,15280,16022280721,MERGED
224369,0,0,42,14869,15591700467,MERGED
224370,0,0,40,11269,11816156330,MERGED
224371,0,0,51,14572,15279270667,MERGED
224372,0,0,51,18093,18971334376,MERGED
224373,0,0,40,14045,14727195024,MERGED
224374,0,0,41,13696,14361290721,MERGED
224375,0,0,17,13923,14601068195,MERGED
224376,0,0,16,14829,15550857200,MERGED
224377,0,0,11,3387,3552367648,MERGED
224379,0,0,1,161,168896378,MERGED
224380,0,0,1,5,5755846,MERGED
224381,0,0,11,3994,4188499902,MERGED
224382,0,0,2,76,80254241,MERGED
224383,0,0,1,4,5006275,MERGED
224384,0,0,1,2,2623282,MERGED
224385,0,0,1,4,4277129,MERGED
224386,0,0,1,3,3792068,MERGED
224387,0,0,1,5,5723422,MERGED
224388,0,0,1,11,11926253,MERGED
224389,0,0,1,8,9322890,MERGED
224390,0,0,1,2,2387481,MERGED
224391,0,0,1,1,1453090,MERGED
224392,0,0,1,1,1850858,MERGED
224393,0,0,1,2,2920291,MERGED
224394,0,0,1,1,2090576,MERGED
224398,0,0,1,3,3255550,MERGED
224399,0,0,1,24,25508259,MERGED
224400,0,0,2,1219,1278523133,MERGED
224401,0,0,32,21322,22359721964,MERGED
224402,0,0,45,28895,30300800624,MERGED
224403,0,0,40,20284,21269838916,MERGED
224404,0,0,48,26011,27275299360,MERGED
224405,0,0,17,26351,0,MERGE_EMPTY
224406,0,0,39,26576,27869424188,MERGED
224407,0,0,14,10855,11383686132,MERGED
224408,0,0,1,2,2123706,MERGED
224409,0,0,1,0,714154,MERGED
224410,0,0,1,0,560947,MERGED
224411,0,0,1,0,577885,MERGED
224412,0,0,1,0,646936,MERGED
224413,0,0,1,0,620053,MERGED
224414,0,0,1,0,630300,MERGED
224415,0,0,1,0,627981,MERGED
224416,0,0,1,0,593798,MERGED
224417,0,0,1,0,618519,MERGED
224418,0,0,1,0,648075,MERGED
224419,0,0,1,0,588912,MERGED
224420,0,0,1,0,513988,MERGED
224421,0,0,1,0,478509,MERGED
224422,0,0,1,0,258043,MERGED
224423,0,0,1,0,201613,MERGED
224424,0,0,1,0,461037,MERGED
224425,0,0,1,0,518633,MERGED
224426,0,0,1,0,233536,MERGED
224427,0,0,1,0,515819,MERGED
224428,0,0,1,0,460049,MERGED
224429,0,0,1,0,776402,MERGED
224430,0,0,1,0,303893,MERGED
224431,0,0,1,0,364212,MERGED
224432,0,0,1,7,8071023,MERGED
224433,0,0,1,0,174375,MERGED
224434,0,0,1,0,137437,MERGED
224435,0,0,1,0,94046,MERGED
224436,0,0,1,0,154767,MERGED
224437,0,0,1,0,238810,MERGED
224438,0,0,1,0,258140,MERGED
224439,0,0,1,0,235227,MERGED
224440,0,0,2,5,6173837,MERGED
224441,0,0,1,0,507872,MERGED
224442,0,0,1,0,320068,MERGED
224443,0,0,1,0,467851,MERGED
224444,0,0,1,0,264315,MERGED
224445,0,0,1,0,418085,MERGED
224446,0,0,1,0,445849,MERGED
224447,0,0,1,0,437609,MERGED
224448,0,0,1,0,424607,MERGED
224449,0,0,1,0,433063,MERGED
224450,0,0,5,6289,6595180268,MERGED
224451,0,0,51,64709,-1,PARTIALS_ONLY
224452,0,0,53,69141,-1,PARTIALS_ONLY
224453,0,0,54,71986,-1,PARTIALS_ONLY
224454,0,0,39,49634,-1,PARTIALS_ONLY
224455,0,0,9,1239,1299612943,MERGED
224456,0,0,1,484,508411035,MERGED
224457,0,0,36,25209,26436101568,MERGED
224458,0,0,39,26679,27976713722,MERGED
224459,0,0,42,25641,26888216305,MERGED
224460,0,0,51,32263,33832301042,MERGED
224461,0,0,56,40497,-1,PARTIALS_ONLY
224462,0,0,35,25445,-1,PARTIALS_ONLY
224463,0,0,9,5942,6231847614,MERGED
224464,0,0,34,25008,26225408740,MERGED
224466,0,0,11,22350,23437902077,MERGED
224467,0,0,9,5490,5758107546,MERGED
224468,0,0,16,2083,2184061421,MERGED
224469,0,0,1,45,47962762,MERGED
224470,0,0,44,15580,16337447272,MERGED
224471,0,0,10,8330,8735940063,MERGED
224472,0,0,51,98,99318545,MERGED
224473,0,0,45,14980,15708111622,MERGED
224474,87,94887,22,7368,7726620828,MERGED
224476,0,0,19,393,411055759,MERGED
224477,0,0,19,528,552732293,MERGED
224478,0,0,19,456,477533413,MERGED
224479,0,0,19,541,566429571,MERGED
224480,0,0,1,12,13080208,MERGED
224481,0,0,42,24883,-1,PARTIALS_ONLY
224482,0,0,1,202,212596342,MERGED
224483,0,0,1,97,101964148,MERGED
224484,0,0,1,0,451164,MERGED
224485,0,0,1,0,411781,MERGED
224486,0,0,1,0,620731,MERGED
224487,0,0,1,0,520418,MERGED
224488,0,0,1,43,-1,PARTIALS_ONLY
224489,0,0,22,18793,19707418719,MERGED
224490,0,0,30,21580,22630631982,MERGED
224491,120,311890,30,24100,25272850870,MERGED
224492,0,0,16,30113,31578230290,MERGED
224493,0,0,16,30318,31794048634,MERGED
224494,0,0,32,23647,24798267380,MERGED
224495,0,0,1,1,1326137,MERGED
224496,0,0,1,0,662076,MERGED
224498,0,0,42,30644,32135047028,MERGED
224499,0,0,39,30455,-1,PARTIALS_ONLY
224500,0,0,43,32684,-1,PARTIALS_ONLY
224501,0,0,41,30428,31907994054,MERGED
224502,0,0,43,32380,-1,PARTIALS_ONLY
224503,0,0,42,32143,33706219151,MERGED
224504,0,0,42,31709,33251118633,MERGED
224505,0,0,40,30492,31974970817,MERGED
224506,0,0,41,30962,32468137781,MERGED
224507,0,0,17,30764,32261326813,MERGED
224508,0,0,48,36631,-1,PARTIALS_ONLY
224509,0,0,45,34207,35870672980,MERGED
224510,0,0,42,31564,-1,PARTIALS_ONLY
224511,0,0,33,24675,25875722243,MERGED
224512,0,0,6,4438,4653841299,MERGED
224513,0,0,27,20745,-1,PARTIALS_ONLY
224514,0,0,1,4,4440976,MERGED
224515,0,0,1,0,174004,MERGED
224516,174,325692,44,30050,31511324364,MERGED
224517,0,0,43,32165,33729021836,MERGED
224518,0,0,46,34678,36364054610,MERGED
224519,0,0,44,33127,-1,PARTIALS_ONLY
224520,0,0,40,30264,31736275676,MERGED
224521,0,0,40,30479,31961240685,MERGED
224522,0,0,3,4177,4381081635,MERGED
224523,0,0,4,2549,2673219247,MERGED
224524,0,0,37,26617,27912446537,MERGED
224525,0,0,46,31201,-1,PARTIALS_ONLY
224526,22,39240,6,3853,4041089083,MERGED
224527,0,0,42,26130,27399798809,MERGED
224528,0,0,44,25370,26602894986,MERGED
224529,0,0,48,26176,27448015780,MERGED
224530,0,0,1,775,813089586,MERGED
224531,12,28651,9,7403,7763996085,MERGED
224532,2,642,1,93,98314747,MERGED
224533,0,0,35,24684,25884677983,MERGED
224534,0,0,25,17278,18119279698,MERGED
224535,0,0,1,33,35525756,MERGED
224536,0,0,1,0,137664,MERGED
224537,0,0,2,2813,2950877683,MERGED
224538,0,0,7,4884,5122083104,MERGED
224539,0,0,35,25003,26219116057,MERGED
224540,151,400902,38,31426,32954476610,MERGED
224541,0,0,35,28978,-1,PARTIALS_ONLY
224542,0,0,15,31179,32696712091,MERGED
224543,0,0,36,32738,-1,PARTIALS_ONLY
224544,0,0,17,15199,15939030062,MERGED
224545,0,0,35,30972,32479090417,MERGED
224546,0,0,33,29544,-1,PARTIALS_ONLY
224547,0,0,33,30138,-1,PARTIALS_ONLY
224548,0,0,33,29869,31322388035,MERGED
224549,0,0,33,30057,-1,PARTIALS_ONLY
224550,0,0,17,15436,16187785465,MERGED
224551,0,0,12,28682,30077634261,MERGED
224552,0,0,6,4731,4961400051,MERGED
224553,0,0,10,8408,8818166592,MERGED
224554,0,0,29,25547,26790730653,MERGED
224555,0,0,16,13311,13959783589,MERGED
224556,0,0,35,30001,31461223315,MERGED
224557,0,0,34,30057,-1,PARTIALS_ONLY
224558,0,0,34,30075,-1,PARTIALS_ONLY
224559,0,0,34,30554,32040423057,MERGED
224560,0,0,40,30344,31820576430,MERGED
224561,0,0,40,32169,33734119698,MERGED
224562,0,0,42,32091,33651848311,MERGED
224563,0,0,45,32285,-1,PARTIALS_ONLY
224564,0,0,38,30441,-1,PARTIALS_ONLY
224565,0,0,38,30587,-1,PARTIALS_ONLY
224566,0,0,4,8152,18920274432,MERGED
224567,0,0,25,20123,21102186902,MERGED
224568,0,0,37,29179,30598647957,MERGED
224569,0,0,0,0,32199481248,MERGED
224570,0,0,39,30709,32202622032,MERGED
224571,0,0,38,30303,31777536248,MERGED
224572,0,0,38,30697,32190934593,MERGED
224573,0,0,39,31478,-1,PARTIALS_ONLY
224574,0,0,38,30801,32299038287,MERGED
224575,0,0,5,3078,3228178521,MERGED
224576,0,0,38,30806,-1,PARTIALS_ONLY
224577,0,0,42,31638,-1,PARTIALS_ONLY
224578,0,0,18,13746,14415134796,MERGED
224579,0,0,1,0,298387,MERGED
224580,0,0,16,10754,11277927985,MERGED
224581,0,0,9,6458,6773125669,MERGED
224582,0,0,2,3491,3661571216,MERGED
224583,160,523825,40,30682,32174484328,MERGED
224584,158,453491,40,30676,32168063489,MERGED
224585,165,442389,42,31920,33472162941,MERGED
224586,159,438593,40,32015,33572631054,MERGED
224587,57,152231,15,11527,12088903568,MERGED
224588,31,29883,8,444,465483511,MERGED
224589,31,25379,8,454,475924437,MERGED
224590,31,28394,8,473,496088056,MERGED
224591,32,26752,8,529,555081264,MERGED
224592,31,24464,8,493,517043006,MERGED
224593,31,19590,8,498,522462073,MERGED
224594,31,23358,8,545,572077414,MERGED
224595,31,22835,4,491,515416685,MERGED
224596,31,20290,8,265,277721240,MERGED
224597,161,526643,41,33136,-1,PARTIALS_ONLY
224598,70,227380,18,13481,14137607683,MERGED
224599,6,14427,2,757,793973625,MERGED
224600,175,509625,44,34392,36064787396,MERGED
224601,178,476099,45,34407,36080155935,MERGED
224602,91,237733,10,17221,18059835379,MERGED
224603,153,383971,39,27903,29260197471,MERGED
224604,168,429195,42,31752,33296032884,MERGED
224605,71,187078,18,13175,13817064108,MERGED
224606,164,512392,41,32372,-1,PARTIALS_ONLY
224607,59,176966,15,7666,8039048683,MERGED
224608,201,139788,51,210,216548902,MERGED
224609,193,169748,49,210,217169435,MERGED
224610,310,277172,78,337,347174446,MERGED
224611,219,193768,55,236,244075528,MERGED
224612,411,365121,103,448,460225937,MERGED
224613,212,147842,53,219,225780064,MERGED
224614,188,569095,47,36299,-1,PARTIALS_ONLY
224615,171,436796,43,32962,34564854545,MERGED
224616,201,518235,51,38410,40278123459,MERGED
224617,202,512629,51,38593,-1,PARTIALS_ONLY
224618,148,460600,37,29399,-1,PARTIALS_ONLY
224619,162,572597,41,31501,33033253032,MERGED
224620,170,519328,43,32893,34493128737,MERGED
224621,100,283195,25,19282,20220598068,MERGED
224622,20,6097,5,108,113375707,MERGED
224623,169,438123,43,32543,34125584880,MERGED
224624,184,473426,46,34955,-1,PARTIALS_ONLY
224625,162,449801,41,31865,-1,PARTIALS_ONLY
224626,234,87840,59,234,241007264,MERGED
224627,88,35497,9,545,571228106,MERGED
224628,167,525213,42,32277,-1,PARTIALS_ONLY
224629,156,562486,39,30896,-1,PARTIALS_ONLY
224630,37,148060,4,6344,6653255876,MERGED
224631,33,123712,9,6217,6519953558,MERGED
224632,250,835546,63,47339,-1,PARTIALS_ONLY
224633,169,514384,43,32531,34112760679,MERGED
224634,169,507125,17,32163,33728814583,MERGED
224635,178,522365,45,33986,-1,PARTIALS_ONLY
224636,209,576704,53,35062,36766435455,MERGED
224637,196,601210,49,37240,-1,PARTIALS_ONLY
224638,168,610244,42,33650,-1,PARTIALS_ONLY
224639,178,656840,45,35312,-1,PARTIALS_ONLY
224640,118,364992,30,21711,-1,PARTIALS_ONLY
224641,163,528465,41,32256,33825333354,MERGED
224642,170,507700,43,32611,34197090091,MERGED
224643,169,492135,43,32512,34093170523,MERGED
224644,223,659553,56,42978,45067117030,MERGED
224645,196,643028,49,37504,39327915178,MERGED
224646,178,670781,45,34137,35797557067,MERGED
224647,184,771957,46,30892,32394295701,MERGED
224648,4,11927,1,302,317404930,MERGED
224651,28,12784,7,60,63057773,MERGED
224652,211,663512,53,37701,-1,PARTIALS_ONLY
224653,198,579822,50,35235,-1,PARTIALS_ONLY
224654,178,517322,45,32826,-1,PARTIALS_ONLY
224655,173,567527,44,32457,-1,PARTIALS_ONLY
224656,171,587737,43,33253,34870502288,MERGED
224657,110,441662,28,21039,22062514450,MERGED
224658,42,45341,11,137,143262061,MERGED
224659,4,15737,1,509,533788715,MERGED
224660,176,640622,44,33544,-1,PARTIALS_ONLY
224661,156,519932,39,31568,-1,PARTIALS_ONLY
224662,151,499918,38,30796,32294667937,MERGED
224663,130,401896,33,26540,27831540414,MERGED
224664,23,65875,6,3603,3778949209,MERGED
224665,7,5571,2,6,6931568,MERGED
224666,163,512109,41,31916,-1,PARTIALS_ONLY
224667,163,505701,17,32058,0,MERGE_EMPTY
224668,141,442240,36,26241,27517147510,MERGED
224669,41,142794,11,8291,8695004291,MERGED
224670,182,760437,19,29593,31033841039,MERGED
224671,154,611838,39,31761,-1,PARTIALS_ONLY
224672,135,496110,34,31707,33250320271,MERGED
224673,135,463864,34,31682,-1,PARTIALS_ONLY
224674,125,452519,32,31289,32811058556,MERGED
224675,136,476608,34,31594,33131734245,MERGED
224676,138,559208,35,31226,32745481641,MERGED
224677,45,186206,12,9602,10069698852,MERGED
224678,226,154573,57,254,262907288,MERGED
224679,77,52354,20,85,88906666,MERGED
224680,215,148693,54,239,246850777,MERGED
224681,207,147972,52,230,238045790,MERGED
224682,214,144985,22,231,240631722,MERGED
224683,201,123249,51,212,218608444,MERGED
224684,182,99795,46,179,184328449,MERGED
224685,201,109034,51,206,212219981,MERGED
224686,201,102756,21,212,221292955,MERGED
224687,48,23091,12,50,52553014,MERGED
224688,173,728911,0,0,-1,RAW_ONLY
224689,19,77886,0,0,-1,RAW_ONLY
224690,157,646908,0,0,-1,RAW_ONLY
224691,150,578906,0,0,-1,RAW_ONLY
224692,153,577939,0,0,-1,RAW_ONLY
224693,144,495195,0,0,-1,RAW_ONLY
224694,42,149132,0,0,-1,RAW_ONLY
224695,140,538066,0,0,-1,RAW_ONLY
224696,141,570803,0,0,-1,RAW_ONLY
224697,154,635736,0,0,-1,RAW_ONLY
224698,159,661829,0,0,-1,RAW_ONLY
224699,149,534924,0,0,-1,RAW_ONLY
224700,225,762580,0,0,-1,RAW_ONLY
224701,224,774090,0,0,-1,RAW_ONLY
224702,46,166071,0,0,-1,RAW_ONLY
224703,142,500763,0,0,-1,RAW_ONLY
224704,147,557762,0,0,-1,RAW_ONLY
224705,28,102237,0,0,-1,RAW_ONLY
224706,131,77578,0,0,-1,RAW_ONLY
224707,35,141764,0,0,-1,RAW_ONLY
224708,23,101347,0,0,-1,RAW_ONLY
224709,344,1505035,0,0,-1,RAW_ONLY
224710,10,38605,0,0,-1,RAW_ONLY
224711,141,517844,0,0,-1,RAW_ONLY
224712,74,271130,0,0,-1,RAW_ONLY
224713,149,535419,0,0,-1,RAW_ONLY
224714,186,666168,0,0,-1,RAW_ONLY
224715,122,466747,0,0,-1,RAW_ONLY
224716,1,30,0,0,-1,RAW_ONLY
224717,1,154,0,0,-1,RAW_ONLY
224718,1,817,0,0,-1,RAW_ONLY
